Country,ISO3,1990,1991,1992,1993,1994,1995,1996,1997,1998,1999,2000,2001,2002,2003,2004,2005,2006,2007,2008,2009,2010,2011,2012,2013,2014,2015,2016,2017,2018,2019,2020,2021,2022,2023,2024
Afghanistan,AFG,45.1183,45.5207,46.5691,51.0212,50.9689,52.1032,52.8302,53.2123,52.487,54.5324,55.0047,55.5113,56.2251,57.1713,57.8098,58.2468,58.5533,58.9563,59.7081,60.2478,60.7018,61.2503,61.7349,62.1878,62.2599,62.2695,62.6459,62.4062,62.4434,62.9411,61.4537,60.4174,65.617,66.0346,66.2893
Albania,ALB,72.7096,73.0011,73.303,73.6377,73.8367,74.0218,74.1134,73.3832,74.3572,74.5684,74.8262,75.083,75.2987,75.5566,75.9515,76.4266,76.9943,77.6907,78.2484,78.5088,78.4141,78.3029,78.0836,77.9951,78.0291,78.358,78.6433,78.9003,79.2377,79.4669,77.8241,76.8442,78.7688,79.6019,79.7764
Algeria,DZA,67.6584,67.6919,67.7245,67.7974,67.2844,67.6914,68.2186,68.8594,69.3271,70.0881,70.5759,71.0245,71.6437,71.9064,72.5359,72.836,73.1164,73.346,73.6181,73.8711,74.1435,74.3834,74.6086,74.8095,74.9923,75.1589,75.3099,75.4313,75.5554,75.6818,73.2568,75.2077,76.1289,76.261,76.4752
American Samoa,ASM,71.1074,71.312,71.5106,71.5399,71.5688,71.5652,71.5763,71.6065,71.5421,71.484,71.4429,71.5734,71.7547,71.6979,72.2768,72.3817,72.3975,72.3649,72.43,70.8391,72.5866,72.6621,72.7093,72.7692,72.6873,72.6543,72.6399,72.8009,72.794,72.7511,72.6717,72.708,72.7521,72.8518,72.9919
Andorra,AND,78.9608,79.3458,79.7941,80.186,80.5868,80.8037,81.009,81.1446,81.2803,81.5505,81.8633,82.1618,82.4485,82.7183,82.8153,83.086,83.3745,83.6324,83.8546,84.0997,84.1974,84.2965,84.3339,84.4065,84.4853,84.5316,84.4885,84.3595,84.2416,84.098,79.4177,82.3311,84.0164,84.0406,84.1881
Angola,AGO,41.8542,43.8116,42.2673,42.1902,43.5671,46.1391,46.4177,46.6882,45.4515,45.8077,46.5005,47.0323,47.8736,50.218,51.1225,52.1295,52.9647,54.2001,55.2809,56.2251,57.242,58.0931,58.916,59.7048,60.3956,61.042,61.6189,62.1221,62.6219,63.0511,63.1164,62.9581,64.2455,64.617,64.8047
Anguilla,AIA,72.0868,72.4463,72.7807,73.12,73.4412,73.7432,74.0452,74.3392,74.6097,74.8918,75.1471,75.3965,75.6564,75.8948,76.1355,76.3362,76.5687,76.7519,76.9019,77.0431,77.2078,77.3048,77.4058,77.6236,77.6962,77.7411,77.8764,77.1738,78.2359,78.4253,78.6562,78.4144,79.1194,79.3115,79.4858
Antigua and Barbuda,ATG,73.6024,73.4716,73.3864,73.3902,73.4934,73.5759,73.8389,74.0454,74.1873,74.456,74.8191,75.1082,75.237,75.3125,75.3295,75.3638,75.5059,75.72,76.0753,76.3856,76.7013,77.0227,77.1,77.0496,76.9122,76.8924,76.9684,77.0296,77.1325,77.1681,77.1613,77.197,77.4833,77.5976,77.766
Argentina,ARG,71.6145,72.0204,72.0958,72.3033,72.7317,72.8644,73.0565,73.4071,73.4121,73.6833,73.91,74.1542,74.3122,74.3073,74.8713,75.2306,75.2791,74.7827,75.4281,75.5773,75.68,76.0998,75.8024,75.8292,76.2678,76.5995,76.105,76.5434,76.7698,76.8475,75.8781,73.9485,75.8061,77.3947,77.5434
Armenia,ARM,67.7332,67.8008,67.8819,68.1432,68.4477,68.8131,69.1975,69.5924,70.0054,70.418,71.84639390243905,72.0750048780488,72.15636463414634,72.28056463414634,72.47651463414635,72.0822,72.2188,72.3589,72.5193,72.7136,72.9381,73.1852,73.4396,73.7131,73.98,74.229,74.4937,74.7441,74.9783,75.7075256097561,71.1327048780488,72.5524,74.6333,76.5742768292683,75.8459
Aruba,ABW,72.546,72.5921,72.7174,72.7767,72.796,72.8322,72.8561,72.904,72.9397,72.8568,72.9393,73.0437,73.1355,73.2362,73.223,73.4152,73.4984,73.6421,73.7833,73.9738,74.2973,74.5776,74.8415,75.0718,75.261,75.4054,75.5398,75.6203,75.8797,76.0193,75.4061,73.655,76.2258,76.353,76.5
Australia,AUS,77.0414,77.4806,77.4731,78.006,77.8515,78.2569,78.3436,78.6256,79.0202,79.2769,79.6207,80.006,80.0515,80.4396,80.7334,81.0923,81.2581,81.2324,81.4267,81.7283,82.0132,82.0911,82.2966,82.5511,82.5182,82.605,82.8014,82.7184,83.2582,83.2412,83.6639,83.564,82.7662,83.9228,84.073
Austria,AUT,75.7385,75.7921,75.992,76.2247,76.5414,76.7753,77.0256,77.4279,77.7823,77.9554,78.235,78.7184,78.8464,78.8491,79.3624,79.5202,79.9648,80.1664,80.3633,80.2064,80.4634,80.8281,80.8407,81.078,81.39,81.1592,81.5922,81.6387,81.6859,81.9072,81.8037,81.8204,81.2959,81.9559,82.1196
Azerbaijan,AZE,62.7504,62.5436,60.7729,61.4261,60.277,61.9313,62.6603,62.9533,63.7498,64.7334,65.3772,66.0429,66.769,67.036,67.4882,67.7103,68.489,68.6587,69.355,69.8743,70.3088,70.5651,71.0799,71.4849,71.9304,72.3486,72.5678,72.6943,73.0156,73.29,70.3116,70.9994,74.125,74.4286,74.5764
Bahamas,BHS,70.9449,71.1826,71.2981,71.4202,71.4292,71.4225,71.4638,71.5975,71.8399,72.1465,72.4812,72.7654,73.0234,73.2126,73.235,73.4132,73.4558,73.4628,73.4454,73.4551,73.4487,73.5712,73.7069,73.9304,74.0286,73.8047,74.0421,74.0314,74.062,71.4084,72.9936,70.752,74.4911,74.5518,74.7099
"Bahamas, The",BHS,70.945,71.183,71.298,71.42,71.429,71.422,71.464,71.597,71.84,72.147,72.481,72.765,73.023,73.213,73.235,73.413,73.456,73.463,73.445,73.455,73.449,73.571,73.707,73.93,74.029,73.805,74.042,74.031,74.062,71.408,72.994,70.752,74.491,74.552,
Bahrain,BHR,72.5867,72.6682,72.7846,72.9393,73.1344,73.3613,73.6103,73.8717,74.1381,74.4053,74.6726,74.9419,75.2086,75.4857,75.7869,76.1249,76.5101,76.9519,77.4565,78.0162,78.5933,79.1409,79.6218,79.9981,80.2139,80.3378,80.407,80.4067,80.4118,80.4706,78.6833,78.0826,80.9921,81.2835,81.4228
Bangladesh,BGD,55.8219,53.7809,56.5915,57.0729,57.6403,58.2442,58.9395,59.6713,60.4291,61.2444,62.0487,62.8358,63.5914,64.2877,64.9118,65.5087,66.0479,66.4578,67.0471,67.5269,68.0091,68.4988,68.9894,69.4874,70.0162,70.5429,71.0752,71.6056,72.1217,72.6254,71.4211,71.1035,74.2647,74.6723,74.9298
Barbados,BRB,73.4625,73.5431,73.6101,73.7394,73.7551,73.8796,74.0647,73.9884,74.4652,74.5868,74.5803,74.7065,74.8203,74.8653,75.1499,74.9602,75.0485,75.2625,75.3002,75.4582,75.4882,75.5985,75.7373,75.816,75.9263,76.0546,76.1681,76.2365,76.3784,76.4951,76.6465,76.5797,75.6761,76.1782,76.3316
Belarus,BLR,71.1446,70.7224,70.119,69.5221,68.9659,68.7521,68.5655,68.5006,68.2715,68.4193,68.4637,68.4351,68.2983,68.4289,68.6879,68.9822,69.436,69.9855,70.3485,70.4088,70.5005,71.0679,71.8,72.6808,73.245,73.7607,74.1532,74.3618,74.3344,74.2555,72.269,72.2206,74.3612,74.4339,74.6235
Belgium,BEL,76.0586,76.1992,76.3582,76.3632,76.7159,76.8403,77.1847,77.4025,77.4763,77.6479,77.7684,78.0824,78.1678,78.3203,78.9605,79.0532,79.3894,79.5284,79.5793,79.8489,80.04,80.3664,80.2604,80.4668,81.0802,80.8889,81.2647,81.3624,81.4805,81.8353,80.7977,81.6591,81.1589,82.115,82.2741
Belize,BLZ,69.5692,69.645,69.6012,69.5946,69.5846,69.4839,69.3627,69.1828,68.9063,68.9764,68.9108,68.944,69.5285,69.8185,70.1521,70.3347,70.5352,70.6524,70.6651,70.8058,70.8753,70.9755,71.1342,71.2757,71.4372,71.6467,71.8433,72.062,72.3215,72.5766,71.5801,70.917,72.1904,73.5656,73.7386
Benin,BEN,53.0205,53.441,54.1366,54.6123,54.9884,55.3657,55.648,55.9859,56.1545,56.3363,56.5945,56.6542,56.851,57.0924,57.3465,57.7384,57.9659,58.2488,58.099,58.258,58.3873,58.4618,58.5585,58.8634,59.0082,59.1233,59.2826,59.5278,59.7097,59.8875,60.154,59.6103,60.4751,60.7738,60.961
Bermuda,BMU,73.9523,74.2043,74.446,74.7659,75.2756,75.9203,76.52,76.9717,77.389,77.8537,78.2508,78.6366,78.8406,78.7147,78.8981,78.8737,78.8695,79.0056,79.1011,79.2293,79.4139,79.6515,79.8475,80.0156,80.1986,80.3378,80.4761,80.6861,80.9856,81.2507,81.4562,81.7451,82.0616,82.3089,82.4897
Bhutan,BTN,55.811,56.4509,57.208,57.9059,58.3951,59.2766,59.9816,60.6392,61.3225,62.0323,61.8417,63.3226,63.984,64.6619,65.2898,65.8746,66.4992,67.1518,67.7329,68.1565,68.7648,69.2802,69.7589,70.1611,70.5035,70.7971,71.1193,71.4127,71.7113,72.0049,72.2531,72.4482,72.754,72.9753,73.2616
Bolivia,BOL,56.797,57.439,57.923,58.66,59.282,59.787,60.287,60.745,61.227,61.655,62.057,62.538,63.068,63.455,63.819,64.182,64.529,64.939,65.299,65.656,66.003,66.282,66.586,66.777,66.97,67.205,67.392,67.536,67.699,67.82,62.906,61.427,67.434,68.581,
Bolivia (Plurinational State of),BOL,56.7967,57.4388,57.9227,58.6598,59.2821,59.7873,60.2866,60.745,61.2274,61.6551,62.0572,62.5381,63.0676,63.4553,63.8186,64.1822,64.529,64.9386,65.2987,65.6555,66.0033,66.2816,66.5858,66.7773,66.9697,67.2052,67.3925,67.5357,67.6992,67.8198,62.906,61.4268,67.4342,68.5814,68.7387
"Bonaire, Sint Eustatius and Saba",BES,74.2827,73.9856,73.3925,73.6815,74.6735,75.502,75.6076,74.771,75.8261,75.7627,76.088,75.5183,75.8828,75.7147,75.538,75.868,76.0728,76.1089,76.5511,76.5394,76.7429,76.3668,76.1875,76.1863,76.9465,77.7542,77.3659,77.6048,77.1027,77.2373,77.213,77.8843,78.1545,77.4355,77.6089
Bosnia and Herzegovina,BIH,71.5093,71.8134,51.9671,50.8941,66.6025,70.1882,73.4537,73.8955,74.4725,74.9464,75.292,75.5725,75.9938,76.4487,76.4891,76.4243,76.0275,76.1618,76.3005,76.7013,76.827,76.9632,77.0365,77.1292,77.089,77.0733,77.1241,77.3855,77.9425,77.3939,76.0395,74.5673,76.7772,77.8504,78.0444
Botswana,BWA,60.104,58.9109,58.1903,57.3159,55.9696,54.7127,54.2842,53.594,52.9685,52.4993,52.2631,52.2104,52.3733,52.8508,53.5729,54.3862,55.1119,56.7351,57.6607,58.2975,59.1373,59.7149,60.3844,61.2167,62.1675,63.215,64.3199,65.4203,66.3709,67.1668,67.6426,63.3025,68.7487,69.1631,69.2929
Brazil,BRA,65.8624,66.203,66.5393,66.8923,67.2934,67.7006,68.1084,68.505,68.8482,69.2111,69.5842,69.98,70.3958,70.8841,71.3611,71.8319,72.2963,72.7297,73.1109,73.4569,73.779,74.0473,74.3346,74.6093,74.8225,75.1064,75.0805,75.3835,75.6335,75.8093,74.5058,73.0377,74.8719,75.8482,76.023
British Virgin Islands,VGB,72.392,72.7502,73.109,73.4314,73.7938,74.0892,74.3408,74.4693,74.5687,74.6516,74.753,74.8308,74.9708,75.1831,75.4043,75.5694,75.7453,75.8932,76.0696,76.205,76.2892,76.363,76.4335,76.4721,76.5271,76.5582,76.6242,75.6699,76.7281,76.8452,76.8941,75.297,77.177,77.2758,77.4315
Brunei Darussalam,BRN,71.6293,71.8583,72.0903,72.3327,72.5706,72.8379,73.0794,73.3262,73.584,73.806,74.0169,74.2089,74.3652,74.5091,74.6033,74.6831,74.7534,74.793,74.8138,74.8144,74.8195,74.8355,74.8428,74.8544,74.862,74.8802,74.9054,74.9429,74.9915,75.049,75.1138,74.8692,72.9171,75.3266,75.5007
Bulgaria,BGR,71.3213,71.1938,71.178,71.1853,70.8608,70.962,70.8357,70.3137,70.8733,71.5607,71.5746,71.8788,72.128,72.3727,72.5754,72.5591,72.6899,73.008,73.3385,73.6808,73.814,74.1693,74.3373,74.8277,74.4664,74.6208,74.8271,74.7977,74.9325,75.0874,73.5992,71.4137,74.0342,75.6363,75.7954
Burkina Faso,BFA,49.3145,49.3296,49.378,49.4119,49.4695,49.5545,49.6934,49.5597,50.1629,50.4632,50.8081,51.1884,51.4475,51.9586,52.5999,53.271,53.7837,54.3768,55.1985,55.7909,56.343,57.0011,57.4574,57.9033,58.3315,58.7777,59.1732,59.5775,59.9719,60.1842,60.4536,60.0463,60.7,61.092,61.2925
Burundi,BDI,45.184,44.66,44.469,37.2214,44.5152,44.5888,44.8069,45.7207,46.6781,47.6266,47.6166,48.5094,49.9237,50.997,52.2171,53.0529,53.962,54.8317,55.5813,56.4215,57.0883,57.8039,58.5008,59.1786,59.7644,60.1068,60.7887,61.3452,61.8065,62.1801,62.5694,62.1013,62.8819,63.6511,63.8177
Cabo Verde,CPV,63.8691,64.066,64.2529,64.4581,64.6485,63.6911,65.5207,66.0824,66.7144,67.4087,68.1167,68.7073,69.4471,70.0058,70.4988,70.9365,71.341,71.487,71.8877,72.1424,72.5066,72.9131,73.3148,73.4812,73.7885,74.0963,74.3504,74.7103,74.8397,75.4486,73.8177,74.4235,75.9068,76.0587,76.2238
Cambodia,KHM,55.205,55.582,55.7473,56.0364,56.2205,56.562,56.832,57.2661,57.8595,58.6108,59.4914,60.4566,61.3945,62.3452,63.2558,64.1128,64.8859,65.5491,66.1469,66.7473,67.3108,67.8691,68.3714,68.7548,69.1174,69.3977,69.6352,69.8424,69.9935,70.1267,70.0594,69.3012,70.528,70.6675,70.8171
Cameroon,CMR,54.3484,54.1677,54.0527,53.8723,53.5366,53.3471,53.2003,53.1048,53.0433,53.1663,53.3376,53.5983,53.9219,54.2528,54.5782,54.9042,55.3014,55.7101,56.1164,56.4855,56.9652,57.482,58.1696,58.7305,59.1301,59.6866,60.2934,60.8174,61.1888,61.6952,61.6738,61.1463,62.4428,63.6996,63.9681
Canada,CAN,77.4333,77.5939,77.8525,77.7251,77.9007,78.0206,78.272,78.4649,78.6741,78.8851,79.233,79.4494,79.5658,79.7363,80.029,80.131,80.5398,80.5422,80.7304,81.0648,81.3363,81.5133,81.7037,81.7852,81.8373,81.9084,82.0301,81.9195,81.9247,82.2848,81.6536,81.976,81.2493,82.6302,82.7192
Cayman Islands,CYM,72.7439,72.9112,73.0882,73.2499,73.42,73.5972,73.7403,73.9038,74.08,74.2318,74.3779,74.5295,74.6095,74.6388,74.5957,74.8632,75.0002,75.1518,75.3859,75.6706,76.0687,76.5618,77.1205,77.6516,77.8646,78.1191,78.3669,78.6149,78.8355,79.0516,79.2299,79.2996,79.9841,80.3576,80.5404
Central African Republic,CAF,49.8543,49.5748,49.2128,48.8994,48.5087,48.1087,47.6995,47.2836,47.0892,46.9095,46.6095,46.7338,46.8395,47.3059,47.6964,48.207,48.6867,49.3267,49.8728,14.6655,46.8707,50.107,51.3355,49.4871,40.2652,51.9338,50.9988,45.2315,52.2973,31.5302,50.5959,40.2791,18.8177,57.4077,57.6711
Chad,TCD,45.0738,46.5959,46.7769,47.0023,47.0796,47.4533,47.5508,47.7622,47.8024,47.9336,47.937,48.3056,48.3596,48.6095,48.6865,48.86,48.7467,49.2102,49.5034,49.8275,50.1067,50.4258,50.7651,51.0508,51.1411,51.3196,51.6027,51.8747,52.4467,52.9927,53.0818,53.1362,54.5275,55.0692,55.2383
Channel Islands,CHI,76.3,76.5,77.1,76.8,77.0,77.7,77.8,78.2,78.5,79.1,78.8,79.0,79.1,79.4,79.8,80.1,80.4,80.6,80.8,81.0,81.2,81.4,81.3,81.5,81.6,81.4,81.2,81.0,81.1,81.2,80.9,80.3,81.0,81.1,
Chile,CHL,73.6752,74.0824,74.3673,74.6793,74.973,75.2984,75.5548,75.8262,76.3241,76.7382,77.1276,77.5798,77.8397,77.8841,78.2765,78.4589,78.5328,78.6519,78.7518,78.8901,79.0954,79.2357,79.2211,79.5509,79.7137,80.0079,80.2949,80.6096,80.5594,80.3243,79.3488,78.8764,79.1762,81.1667,81.3589
China,CHN,68.1547,68.6099,69.0587,69.4924,69.8355,70.3631,70.8225,71.2271,71.6014,71.9519,72.2885,72.6755,73.0339,73.3853,73.7274,74.085,74.4037,74.7886,74.8333,75.3174,75.6679,75.8891,76.2,76.4521,76.7143,76.9755,77.214,77.2353,77.709,77.9396,78.0191,78.1166,78.2021,77.9529,78.0171
"China, Hong Kong SAR",HKG,77.4481,77.6926,77.9881,78.3271,78.7177,79.1059,79.4544,79.7316,80.0723,80.389,80.7045,80.992,81.18,81.1422,81.4549,81.6752,81.9469,82.1438,82.3403,82.5863,82.8592,83.1597,83.4158,83.6955,83.9271,84.147,84.3803,84.6625,84.9866,85.2632,84.7073,85.0816,83.4853,85.5106,85.6338
"China, Macao SAR",MAC,76.5717,76.6378,77.0697,77.4706,77.4279,77.8464,77.4285,78.4397,78.7453,79.1251,79.4292,79.8122,80.098,80.2148,80.4057,80.5223,80.7101,80.9322,81.1622,81.4926,81.6635,81.9924,82.2557,82.4764,82.6955,82.9402,83.0197,83.0779,83.3959,83.2927,84.61,83.8179,82.1025,83.0749,83.2284
"China, Taiwan Province of China",TWN,73.9362,74.287,74.3047,74.5644,74.7036,74.6174,74.9181,75.3222,75.4752,75.6198,76.1389,76.4775,76.8708,77.0431,77.1732,77.133,77.8448,78.0458,78.2979,78.7005,79.0363,78.8804,79.1791,79.5976,79.4726,79.8786,79.6996,80.061,80.4312,80.5958,81.1067,80.7847,80.1569,80.5588,80.7498
Colombia,COL,68.7008,68.7719,68.7643,69.0831,69.4223,69.8096,70.2085,70.632,70.9236,70.9131,70.905,71.1853,71.5366,72.3086,72.7605,73.1557,73.4974,73.7509,74.2057,74.5306,74.8757,75.1803,75.6106,75.8343,75.9497,76.0665,76.2285,76.4178,76.5791,76.7927,74.7565,72.6983,76.5081,77.7246,77.9134
Comoros,COM,55.6196,56.1042,56.5762,57.0256,57.4582,57.8299,58.1506,58.2281,58.3008,58.8533,58.9407,59.5867,59.7228,60.2402,60.5567,60.8827,61.2291,61.4753,61.9548,62.3017,62.7473,63.1048,63.4626,63.8388,64.1427,64.4727,64.7916,65.1272,65.4009,65.6622,65.7559,65.2009,66.4806,66.7768,67.0234
Congo,COG,57.0703,56.7645,56.4826,56.0414,55.6414,55.4737,55.2403,48.5746,52.5509,54.4272,55.3706,55.8849,56.414,57.1313,57.9574,58.7302,59.474,60.0502,60.7903,61.2148,61.7311,62.2862,62.6616,62.9689,63.3491,63.6622,63.9108,64.2028,64.472,63.1523,64.3907,64.1918,65.0003,65.772,66.0014
"Congo, Dem. Rep.",COD,48.538,48.944,49.323,49.621,49.88,50.381,49.376,50.461,49.664,50.089,51.887,52.205,52.371,52.952,53.534,54.001,54.498,54.954,55.388,55.798,56.411,56.911,57.35,57.795,58.236,58.658,59.081,59.495,59.926,60.242,60.428,60.044,60.979,61.895,
"Congo, Rep.",COG,57.07,56.764,56.483,56.041,55.641,55.474,55.24,48.575,52.551,54.427,55.371,55.885,56.414,57.131,57.957,58.73,59.474,60.05,60.79,61.215,61.731,62.286,62.662,62.969,63.349,63.662,63.911,64.203,64.472,63.152,64.391,64.192,65.0,65.772,
Cook Islands,COK,66.4915,67.7135,67.8393,67.9969,68.2004,68.4562,68.7393,66.3964,69.3244,69.585,69.8493,70.0852,70.3447,70.5785,70.874,71.1716,71.4493,71.7777,72.12,72.439,72.7522,73.0452,73.3241,73.6124,73.8314,74.0178,74.1646,74.3162,74.4407,74.5561,74.5139,74.5833,75.0787,75.2818,75.4715
Costa Rica,CRI,76.0936,76.2375,76.3849,76.3153,76.3287,76.44,76.4276,76.6035,76.8686,77.0581,77.3175,77.609,77.9394,78.2142,78.5116,78.8766,79.049,79.0981,79.1802,79.3718,79.354,79.624,79.925,80.1892,80.2313,80.4069,79.9879,79.9944,80.0896,80.2963,79.7252,78.0501,79.3164,80.7995,80.9964
Cote d'Ivoire,CIV,52.796,52.621,52.429,52.247,52.005,51.713,51.596,51.498,51.22,51.273,51.393,51.428,51.544,51.443,51.939,52.432,52.885,53.452,54.179,54.744,55.282,55.972,56.57,57.057,57.772,58.281,58.814,59.315,59.795,60.274,60.14,60.29,61.562,61.944,
Croatia,HRV,72.2429,71.3799329268293,71.7206,72.3053,72.6142,72.5612,72.9752,72.9898,73.1929,73.6092,73.4046024390244,74.3547,74.6461,74.7093,75.2665,75.5705,75.6767,75.886,76.0009,76.3127,76.6761,76.9926,77.2841,77.51,77.5144,77.6329,77.6294,77.7264,77.8654,78.197,77.4972,77.1412,78.2779,78.5803,78.7509
Cuba,CUB,73.8228,73.7566,73.8464,73.8735,74.0922,74.3461,74.6904,75.0636,75.4123,75.7191,75.9224,76.4287,76.7655,77.4048,77.3261,77.5401,77.4055,77.5503,77.5891,77.5835,77.8757,78.0506,78.1618,78.0279,77.8245,77.7453,77.5706,77.3003,77.4259,77.4133,77.4075,73.2006,77.6291,78.0855,78.264
Curacao,CUW,72.439,72.536,72.65,72.703,72.791,72.831,72.945,73.035,73.084,73.174,73.283,73.36,73.472,73.603,73.735,73.873,73.978,74.137,74.314,74.485,75.117,75.576,75.96,76.239,76.384,76.482,76.322,76.423,76.493,76.492,76.501,75.686,76.729,76.8,
Curaçao,CUW,72.4386,72.5356,72.65,72.7027,72.7911,72.8305,72.9449,73.0349,73.0839,73.174,73.2829,73.3602,73.4722,73.6031,73.7354,73.8731,73.9777,74.1368,74.3137,74.4853,75.1167,75.5757,75.9604,76.2386,76.3837,76.4823,76.3222,76.4226,76.4929,76.4917,76.5011,75.6857,76.7287,76.7996,76.9889
Cyprus,CYP,76.0442,76.2464,76.2908,76.2943,76.3831,76.5828,76.8797,77.1187,77.1641,77.5715,77.9,78.1848,78.7582,78.9081,79.0067,79.1975,79.4561,79.7982,79.9063,80.3749,80.6325,80.8546,81.1284,81.3165,81.3373,81.4637,81.5341,81.5431,81.5558,81.4543,81.2302,80.5735,80.4337,81.648,81.8206
Czechia,CZE,71.4086,71.9699,72.3298,72.8528,73.0817,73.1772,73.8344,73.946,74.5527,74.7414,74.9781,75.3141,75.4424,75.3959,75.9416,76.1561,76.708,76.9189,77.1722,77.2578,77.5677,77.8144,77.9977,78.169,78.7439,78.5609,78.9744,78.926,78.9612,79.1853,78.237,77.2342,79.1648,79.8341,79.9702
Côte d'Ivoire,CIV,52.7959,52.6211,52.4291,52.2468,52.0052,51.7133,51.5961,51.4983,51.22,51.2728,51.3927,51.4284,51.5441,51.4432,51.9392,52.4324,52.8853,53.4517,54.1794,54.7441,55.282,55.9724,56.5698,57.0571,57.7719,58.2807,58.8136,59.3151,59.7946,60.2741,60.1397,60.2897,61.5622,61.9438,62.1102
Dem. People's Rep. of Korea,PRK,70.4835,70.7174,71.0092,70.7937,70.4716,60.766,60.8204,60.8694,60.887,60.9098,60.9111,60.8926,60.8772,69.3986,69.2942,69.1675,69.0615,69.0211,69.3032,69.7023,70.2456,70.7724,71.3171,71.8667,72.4508,72.8253,72.9708,73.0344,73.0196,72.9282,72.7826,73.4366,73.6411,73.6418,73.7428
Dem. Rep. of the Congo,COD,48.5381,48.9442,49.3232,49.6213,49.8795,50.381,49.3762,50.4609,49.6637,50.0888,51.8871,52.2054,52.3712,52.9519,53.5341,54.0014,54.4977,54.9543,55.3884,55.7981,56.4111,56.9106,57.3502,57.7953,58.2355,58.6576,59.0814,59.4952,59.9265,60.2425,60.4283,60.0444,60.9789,61.895,62.0741
Denmark,DNK,74.8655,75.2271,75.2686,75.1891,75.4408,75.287,75.6636,76.0409,76.4357,76.5777,76.8152,76.9736,77.0989,77.4012,77.7853,78.2259,78.2234,78.3494,78.7144,78.9574,79.2473,79.786,80.0822,80.3063,80.6319,80.7394,80.8814,81.1116,80.9909,81.4343,81.5458,81.4363,81.2906,81.9328,82.0938
Djibouti,DJI,55.4689,55.1935,54.3753,55.734,55.5916,56.234,56.3297,56.207,56.4263,56.5638,56.7341,57.5059,57.8239,58.0406,58.1033,58.5483,58.9617,59.3617,59.815,60.3511,60.7431,61.3373,61.7188,62.1162,62.4274,62.8326,63.335,63.71,64.1051,64.3809,64.2001,63.8301,65.5402,65.9865,66.2022
Dominica,DMA,70.4712,70.3977,70.4726,70.6121,70.7766,70.8316,71.0394,71.1955,71.3524,71.5274,71.7154,71.8624,71.9275,71.9423,71.9865,72.0161,72.0071,71.9008,71.9446,71.8353,71.6797,71.5167,71.3909,71.2283,71.1892,69.9683,71.1889,68.6199,71.3779,71.3052,71.2693,69.8318,71.0806,71.1325,71.294
Dominican Republic,DOM,67.7459,68.1543,68.5251,68.8601,69.1597,69.3937,69.5951,69.8089,69.8754,70.1781,70.3647,70.5531,70.7193,70.8562,70.7303,71.0435,71.0542,71.0973,71.3307,71.5866,72.0393,72.4958,72.8165,73.0383,73.1449,72.9821,72.8894,73.3702,73.5553,73.1119,72.6358,71.7575,74.2108,73.7201,73.8676
Ecuador,ECU,68.445,69.0402,69.4678,70.0695,70.8759,71.3485,71.8201,72.007,71.9493,71.9198,72.0896,72.5709,73.1643,73.632,73.8676,73.9092,74.0104,74.2259,74.7085,74.9011,75.1876,75.1794,75.4857,75.8322,76.1409,76.2219,76.0942,76.2197,77.2484,77.2862,72.0036,72.7465,76.5767,77.3924,77.5789
Egypt,EGY,62.5132,63.0594,63.5852,64.1471,64.6632,65.2143,65.7334,66.2066,66.6355,67.0104,67.3323,67.6118,67.8456,68.0451,68.211,68.3552,68.4929,68.6266,68.7613,68.915,69.0782,69.2322,69.4643,69.6317,69.9112,70.1346,70.4367,70.7086,70.9741,71.2128,69.7897,68.9759,71.0097,71.6335,71.8058
"Egypt, Arab Rep.",EGY,62.513,63.059,63.585,64.147,64.663,65.214,65.733,66.207,66.635,67.01,67.332,67.612,67.846,68.045,68.211,68.355,68.493,68.627,68.761,68.915,69.078,69.232,69.464,69.632,69.911,70.135,70.437,70.709,70.974,71.213,69.79,68.976,71.01,71.633,
El Salvador,SLV,61.981,62.5423,62.9439,63.9976,64.47,64.9031,65.4804,66.2484,66.6548,67.2851,67.7114,67.9645,68.5264,68.7918,69.2948,69.3356,69.6123,69.8195,70.1378,70.3586,70.9088,71.1918,71.4201,71.2251,71.1442,70.9524,70.9081,71.0074,71.3836,71.7253,70.2436,69.9414,71.9695,72.0993,72.3018
Equatorial Guinea,GNQ,51.3965,51.4971,51.5792,51.6713,51.7851,51.9261,52.1227,52.3648,52.6464,53.0013,53.3952,53.8271,54.3235,54.7913,55.3066,55.7659,56.3538,56.857,57.3841,57.881,58.3445,58.8268,59.3011,59.784,60.2279,60.6347,61.081,61.4808,61.9151,62.2965,62.1408,62.4468,63.3545,63.7071,63.9064
Eritrea,ERI,49.7327,50.5159,52.4358,53.1887,54.0274,54.8222,55.4979,56.1551,49.9968,44.5061,56.2852,58.3587,58.9406,59.4551,60.0625,60.6276,61.4567,61.998,62.422,63.2029,63.6653,64.2314,64.6965,65.005,65.5166,65.9094,66.242,66.6115,66.9787,67.3061,66.9802,66.9396,67.7892,68.6239,68.8927
Estonia,EST,69.9173,69.7947,69.1592,68.2217,66.7441,67.8143,70.0314,70.2438,69.8404,70.6807,71.0142,70.8336,71.3637,71.923,72.3751,73.0276,73.1995,73.1534,74.2787,75.1519,75.8816,76.3462,76.4159,77.252,77.1104,77.665,77.7631,78.1814,78.3339,78.7728,78.8929,77.4095,78.1674,79.1535,79.3087
Eswatini,SWZ,61.1675,60.3924,59.2838,58.0917,56.6433,55.0795,53.2956,51.6985,50.0657,48.8076,47.6273,46.3442,45.3799,44.6321,43.9064,43.9581,44.5628,45.1604,45.8527,46.9126,48.331,49.0568,50.7143,52.1102,53.4913,54.9407,56.2284,57.5742,58.7072,59.8496,59.8618,58.2284,63.0283,64.1227,64.2636
Ethiopia,ETH,45.1166,46.6565,47.2788,47.6757,47.9256,48.1562,48.6974,49.21,49.7854,49.4857,50.8802,51.4276,52.0851,52.8773,53.7349,54.364,55.4017,56.5665,57.7325,58.715,59.7094,60.5947,61.4426,62.1613,62.9272,63.592,64.1624,64.7659,65.2573,65.7413,65.9688,65.3299,66.8971,67.315,67.6028
Falkland Islands (Malvinas),FLK,53.336,54.6171,56.2832,58.1758,60.2304,62.3609,64.4358,66.3869,68.1614,69.7716,71.1332,72.2665,73.2425,74.0341,74.7009,75.341,75.9414,76.4897,76.9519,77.3941,77.7285,77.98,78.1911,78.2954,78.3551,78.4296,78.4831,78.5113,78.5577,78.6131,78.7753,78.9882,79.0448,79.2132,79.3699
Faroe Islands,FRO,76.8938,77.0876,77.2675,77.4064,77.5418,77.658,77.764,77.8983,78.0235,78.1483,78.2507,78.3251,78.3664,78.386,78.3755,78.9032317073171,79.04069146341465,79.1901817073171,79.32983170731706,79.50507195121949,79.68521219512195,79.88997195121951,80.0563219512195,80.24753170731705,80.44629146341464,80.60929146341465,80.78359146341465,80.9191012195122,81.05239146341465,81.17485121951219,81.3130512195122,81.3181012195122,81.1038012195122,81.6615512195122,80.3938
Fiji,FJI,65.056,65.4568,65.4074,65.5103,65.7958,66.007,66.2018,66.2927,66.5364,66.728,66.1937,66.2047,65.4923,65.6531,65.8405,65.9826,66.1258,66.1612,66.3199,66.3466,66.7782,66.8803,65.8121,66.5446,66.5808,66.4798,66.657,67.0596,66.9645,67.0088,66.924,64.9039,67.1481,67.3157,67.4625
Finland,FIN,74.9892,75.4069,75.6469,75.8848,76.5747,76.6037,76.8695,77.0641,77.2592,77.4507,77.6713,78.1423,78.27,78.5334,78.8458,78.9711,79.373,79.3911,79.695,79.831,80.0116,80.3916,80.5076,80.869,81.0546,81.3775,81.3029,81.4967,81.6265,81.8643,81.8219,81.8137,81.2435,81.9102,82.0769
France,FRA,76.8351,77.0162,77.2973,77.3488,77.7681,77.8715,78.0613,78.4246,78.5879,78.7457,79.0438,79.2208,79.4109,79.419,80.3363,80.3367,80.7449,80.9602,81.0392,81.1635,81.4047,81.781,81.739,81.9786,82.4366,82.1487,82.4008,82.4385,82.5682,82.7304,82.1993,82.3216,82.4753,83.3253,83.4582
French Guiana,GUF,70.8509,71.0416,71.2419,71.4598,71.6908,71.9176,72.1263,72.2186,72.4918,72.7198,72.9651,73.3225,73.4925,73.5778,73.8038,74.1342,74.5652,74.952,75.3653,75.6351,75.8516,76.0172,76.2166,76.4587,76.6767,76.6314,76.652,76.7994,77.2376,76.5711,77.5067,74.1955,76.7942,76.9781,77.1842
French Polynesia,PYF,73.9083,74.295,74.7459,75.1912,75.6504,76.2426,76.8134,77.3803,77.8419,78.5739,79.0001,79.3158,79.5438,79.7103,79.829,79.9511,80.0999,80.3277,80.5874,80.8667,81.1407,81.4341,81.6953,81.9352,82.1514,82.3393,82.5551,82.7741,82.9852,83.1955,82.4588,79.5711,83.8594,84.0698,84.1924
Gabon,GAB,60.7355,60.8908,61.0134,61.1248,61.183,61.2696,61.2648,61.3955,61.506,61.658,61.8098,61.9818,62.1752,62.4627,62.6944,62.978,63.2589,63.6186,64.0109,64.3612,64.7148,65.1016,65.4384,65.7506,66.0698,66.3361,66.5832,66.8163,67.0426,67.3369,67.0725,67.0715,67.713,68.3367,68.5114
Gambia,GMB,51.2782,51.8574,52.4771,53.1503,53.7676,54.2923,54.8493,55.2254,56.0074,56.4657,56.8994,57.2832,57.7361,58.2232,58.7491,59.1098,59.667,60.0014,60.4734,60.7348,61.1675,61.5612,61.9,62.2525,62.5759,62.9713,63.3862,63.7076,64.0339,64.4275,64.4183,63.8475,64.859,65.8603,66.0571
"Gambia, The",GMB,51.278,51.857,52.477,53.15,53.768,54.292,54.849,55.225,56.007,56.466,56.899,57.283,57.736,58.223,58.749,59.11,59.667,60.001,60.473,60.735,61.167,61.561,61.9,62.252,62.576,62.971,63.386,63.708,64.034,64.427,64.418,63.847,64.859,65.86,
Georgia,GEO,68.6787,68.2022,67.7801,67.4052,68.6692,69.3982,70.637,69.6832,69.7869,70.0116,70.0909,70.3705,70.438,71.3766,71.0115,70.6895,70.9829,70.9852,70.9494,71.0578,71.7318,72.4846,72.6721,73.0247,73.1051,73.241,73.1358,73.4347,73.9847,74.1649,73.5094,71.6353,74.1409,74.4965,74.6573
Germany,DEU,75.3414,75.5597,76.0035,76.0803,76.3799,76.5515,76.7833,77.2182,77.5759,77.7977,78.0563,78.4023,78.4749,78.5361,79.1186,79.254,79.5862,79.7306,79.8161,79.9151,80.0814,80.3549,80.5017,80.454,80.9056,80.5658,80.8371,80.9371,80.8747,81.1893,81.0036,81.1059,80.5796,81.3777,81.5387
Ghana,GHA,55.3949,55.722,56.0554,56.2862,56.2339,56.662,56.9568,57.2414,57.5245,57.8354,58.1392,58.403,58.7086,59.0141,59.3159,59.6381,59.9753,60.2822,60.5785,60.9278,61.2974,61.6169,61.9954,62.3969,62.8321,63.1749,63.5216,63.829,64.1382,64.4554,64.3089,64.2862,65.246,65.4979,65.6951
Gibraltar,GIB,76.8143,77.1177,77.412,77.7223,78.0515,78.345,78.6957,79.0973,79.4765,79.8124,80.1446,80.4187,80.5898,80.7126,80.8559,80.9906,81.1033,81.2695,81.5414,81.8073,82.0797,82.3334,82.5267,82.5861,82.6444,82.6682,82.741,82.8576,83.0279,83.1834,83.0698,80.2743,83.5167,83.553,83.6303
Greece,GRC,77.2986,77.386,77.3061,77.691,77.8579,77.893,78.0364,78.3991,78.3027,78.4233,78.442,78.9087,79.0305,79.0848,79.3503,79.6505,79.7605,79.6615,80.1047,80.3677,80.5727,80.6248,80.4221,81.067,81.1203,80.7894,81.2692,80.9614,81.4954,81.3487,81.5361,80.5312,79.9441,81.8568,82.0306
Greenland,GRL,64.1539963414634,64.27295365853661,64.4942487804878,64.83238292682925,64.90693780487805,64.9005231707317,65.04895853658536,65.1426243902439,65.40798658536585,65.8094304878049,65.6313,66.2727,67.0072,67.6174,67.5455,67.7693,68.1436,68.3385,68.4002,69.079056097561,69.26776585365855,69.52933902439025,69.9489707317073,70.31996829268294,70.0861,70.85656219512194,71.11256829268295,71.1591475609756,71.1607804878049,71.10084512195121,71.00326585365855,70.9314012195122,70.79619390243906,70.8023780487805,70.1938
Grenada,GRD,70.5464,70.8233,71.1249,71.45,71.78,72.0936,72.373,72.6004,72.7622,72.8725,72.9547,73.0336,73.1424,73.2907,72.4468,73.7003,73.9302,74.1588,74.3745,74.567,74.7308,74.8608,74.9607,75.0221,75.0449,75.0375,75.0099,74.9766,74.9569,74.9711,75.019,74.5221,75.1508,75.2052,75.3666
Guadeloupe,GLP,73.9321,74.2668,74.6192,74.8951,75.2063,75.5334,75.8501,76.1559,76.4287,76.7438,77.08,77.2667,77.8108,78.1707,78.3494,78.1836,78.4279,79.054,79.6593,79.7474,80.12,80.4527,80.9718,80.7917,81.1854,81.2679,81.6403,81.7544,81.3819,81.3922,80.6481,78.2108,80.9054,82.0503,82.2409
Guam,GUM,73.4554,73.5181,73.6322,74.0045,74.3445,74.511,74.6376,74.7004,74.7533,74.7894,74.894,75.1948,75.5056,75.8847,76.1138,76.4271,76.4766,76.3967,76.2332,76.1415,76.0954,76.1529,76.2375,76.361,76.4228,76.4438,76.4487,76.4631,76.5605,76.6453,75.5289,75.4337,77.1015,77.2093,77.4224
Guatemala,GTM,61.7673,61.9256,61.9922,62.4421,63.0264,63.6619,64.5396,65.2489,65.9688,66.6342,67.1018,67.4365,67.8345,68.2041,68.2448,68.167,68.7902,69.2993,69.4929,69.6764,69.885,70.3214,70.7225,70.878,70.9424,70.9148,71.215,71.5829,71.4964,71.6394,69.9707,67.8582,71.2064,72.6023,72.7459
Guernsey,GGY,76.6357,76.7928,77.8223,76.7998,77.0163,78.1235,78.0918,78.7018,79.1567,80.2553,79.3867,79.487,79.6117,79.6828,80.4338,80.7315,81.1572,81.3092,81.5586,81.9031,82.3105,82.6412,82.3522,82.8353,83.0091,82.7496,82.5649,82.3206,82.7481,83.2815,83.3459,81.9691,83.108,83.2744,83.3824
Guinea,GIN,47.2518,47.7813,48.2662,48.8185,49.1884,49.8359,50.5458,51.1134,51.6099,51.9871,52.4197,52.669,53.2002,53.5891,53.9748,54.4217,54.8753,55.2331,55.7034,56.052,56.4305,56.7776,57.1169,57.4588,57.5815,57.8986,58.49,58.7151,59.0434,59.3785,59.3499,59.3728,60.4316,60.7405,60.9044
Guinea-Bissau,GNB,46.8904,47.2012,47.5184,47.8404,47.7747,48.5313,48.7718,48.0331,48.1231,48.4919,50.5646,51.0536,51.6083,52.186,52.7998,52.9489,54.0885,54.8705,55.3,56.2974,56.9992,57.6626,58.27,58.8789,59.476,60.0708,60.6187,61.1484,61.6516,62.1612,61.343,61.6528,63.6045,64.0849,64.2541
Guyana,GUY,62.2538,62.4632,62.816,63.0161,63.0066,62.668,62.6909,62.8794,63.4292,63.7715,64.0748,64.3804,64.1832,64.1173,64.2138,64.392,64.848,65.4617,65.7211,66.0297,66.2043,66.4688,66.4433,66.7099,67.3343,67.7193,68.0685,68.5431,68.8288,69.0673,67.751,64.3228,69.8885,70.1802,70.3191
Haiti,HTI,53.2154,53.5241,54.0414,54.4779,54.7312,55.5816,56.1112,56.6749,57.1373,57.6923,58.1749,58.5914,59.0411,59.4398,58.5165,60.3182,60.7404,61.0902,61.2801,61.6945,45.5768,61.5812,62.2735,62.6245,62.9689,63.2239,63.3247,63.8323,64.0766,64.3281,63.773,62.613,63.9483,64.9356,65.1192
Honduras,HND,65.1825,65.5842,65.9078,66.0744,66.5234,66.919,67.2627,67.5418,62.4316,68.0049,68.3018,68.4906,68.7141,68.8741,69.0498,69.1982,69.3641,69.5388,69.6572,69.8234,69.7697,70.116,70.4605,70.7648,71.0316,71.323,71.6152,71.8046,72.0005,72.1238,70.864,69.4924,72.7151,72.8842,73.0436
"Hong Kong SAR, China",HKG,77.3707317073171,77.8729268292683,77.6734146341464,78.0160975609756,78.5436585365854,78.6787804878049,79.6275609756098,80.1121951219512,80.1068292682927,80.3726829268293,80.8731707317073,81.4192682926829,81.4521951219512,81.3434146341464,81.7992682926829,81.6090243902439,82.3848780487805,82.3668292682927,82.3404878048781,82.7751219512195,82.9575609756098,83.4119512195122,83.450243902439,83.8312195121951,83.9356097560976,84.2526829268293,84.2114634146342,84.6956097560976,84.869756097561,85.1558536585366,85.4963414634146,85.5326829268293,83.6609756097561,85.2473170731707,
Hungary,HUN,69.3718,69.4409,69.1672,69.1803,69.6042,69.9689,70.5972,71.0034,70.9186,71.0402,71.7581,72.3944,72.5072,72.5135,72.906,72.8649,73.3441,73.4314,73.9571,74.179,74.5189,74.9226,75.1826,75.6827,75.8493,75.6536,76.1569,76.007,76.2049,76.4546,75.7302,74.1851,76.2118,77.024,77.1814
Iceland,ISL,77.7406,77.7575,78.5865,78.8093,79.0221,77.5426,78.6456,78.6723,79.3963,79.2363,79.5485,80.4209,80.2778,80.7678,80.7209,81.1691,80.9375,81.093,81.244,81.4174,81.5939,81.9725,82.3459,81.7425,82.4298,82.1638,81.8286,82.241,82.4526,82.8474,82.7113,82.8433,81.5877,82.6911,83.0132
India,IND,58.6184,59.0324,59.445,59.823,60.2372,60.6295,61.0269,61.4393,61.8525,62.2837,62.7492,63.1581,63.6486,64.0862,64.4843,64.9385,65.3726,65.8034,66.2471,66.7001,67.1616,67.6228,68.0763,68.499,68.9323,69.326,69.7091,70.0676,70.4152,70.7463,70.1563,67.2823,71.6984,72.0026,72.2353
Indonesia,IDN,63.2486,63.7031,64.1821,64.8509,65.0413,65.2633,65.4648,65.7737,65.9416,66.0015,66.2919,66.5826,66.9535,67.134,65.5208,67.5308,67.6636,67.9141,68.0846,68.2674,68.3642,68.629,68.8617,69.0635,69.292,69.5196,69.7333,69.9533,70.0797,70.3491,68.8173,67.4516,70.9246,71.1457,71.2881
Iran (Islamic Republic of),IRN,64.0656,66.2325,66.6528,67.0373,67.4901,67.9036,68.328,68.649,69.2136,69.6858,70.1665,70.6188,71.1118,70.4642,72.0401,72.4463,72.8953,73.2992,73.6835,74.0412,74.3896,74.7207,75.039,75.3486,75.6352,75.9073,76.1551,76.3963,76.6205,76.8549,74.1406,73.7521,76.7993,77.6545,77.8539
"Iran, Islamic Rep.",IRN,64.066,66.233,66.653,67.037,67.49,67.904,68.328,68.649,69.214,69.686,70.166,70.619,71.112,70.464,72.04,72.446,72.895,73.299,73.683,74.041,74.39,74.721,75.039,75.349,75.635,75.907,76.155,76.396,76.621,76.855,74.141,73.752,76.799,77.654,
Iraq,IRQ,57.5872,61.3381,65.3436,65.3097,65.0269,64.7614,64.6178,64.2412,64.4049,64.5316,64.8603,65.292,65.724,64.8339,64.6342,64.8989,64.0288,64.4278,66.465,67.8337,68.0924,68.4351,68.8267,69.0469,69.679,69.9771,68.6834,69.7878,71.1162,71.2452,69.6506,70.7036,72.0371,72.3242,72.4238
Ireland,IRL,74.8375,75.0268,75.4231,75.289,75.7963,75.4743,75.8263,75.9765,76.1848,76.089,76.535,77.1003,77.5903,78.1003,78.5027,78.9093,79.1504,79.5631,79.7877,80.0954,80.5992,80.7272,80.8524,81.065,81.4063,81.5326,81.6836,82.1032,82.1232,82.4108,82.3897,81.8608,82.0505,82.4118,82.5798
Isle of Man,IMN,71.8002,72.1827,72.5439,72.8223,73.1403,73.3711,73.6342,73.9,74.2043,74.4686,74.8419,75.2893,75.785,76.319,76.8763,77.4528,77.9713,78.4507,78.8989,79.3026,79.6132,79.8363,80.007,80.1199,80.1994,80.2666,80.3913,80.5064,80.6139,80.7399,80.5909,80.4197,80.9561,80.999,81.0912
Israel,ISR,77.32290853658535,77.5834,77.2727,77.8618,78.0448,78.0516,78.5705,78.5522,78.5881,78.8907,79.1797,79.4787,79.5137,79.8194,80.3052,80.3935,80.7857,80.9532,81.2828,81.8183,81.9742,81.9892,81.9849,82.354,82.3608,82.2538,82.6123,82.6993,82.9184,82.9048,82.6997,82.5169,82.8145,82.408,82.7268
Italy,ITA,76.9936,76.9898,77.3647,77.6529,77.8725,78.1253,78.4381,78.7346,78.8068,79.205,79.607,79.8849,80.112,80.191,81.0175,81.0201,81.4137,81.5002,81.6454,81.7619,82.1319,82.2282,82.252,82.6522,82.9008,82.5211,83.0459,82.7263,83.1844,83.3423,82.1814,82.8652,82.052,83.7157,83.8691
Jamaica,JAM,71.7047,71.7867,71.8163,71.7577,71.6244,71.4881,71.3277,71.2161,71.1697,71.1885,71.2814,71.2872,71.478,71.5846,71.542,71.4929,71.3946,71.4046,71.5021,71.7174,71.9789,72.245,72.4047,72.4352,72.3572,72.2144,72.0522,71.8789,71.6062,71.5316,71.4519,69.0846,71.4809,71.4789,71.6061
Japan,JPN,78.9928,79.262,79.303,79.4461,79.8366,79.6837,80.3627,80.5836,80.6487,80.6129,81.1788,81.5101,81.7952,81.854,82.1275,82.0073,82.3699,82.5488,82.6332,82.9699,82.916,82.6705,83.1676,83.4018,83.6434,83.8832,84.0568,84.1891,84.289,84.4177,84.6703,84.55,84.0541,84.7123,84.852
Jersey,JEY,76.0873,76.3152,76.5593,76.766,77.0621,77.3274,77.5831,77.8404,78.064,78.2262,78.4235,78.6317,78.8352,79.1306,79.4277,79.684,79.9093,80.1442,80.2809,80.4001,80.54,80.6654,80.7011,80.7151,80.6733,80.5257,80.3466,80.1828,80.0258,79.8931,79.4471,79.3232,79.7257,79.7071,79.833
Jordan,JOR,70.0935,70.2398,70.3998,70.5678,70.738,70.915,71.1045,71.3236,71.521,71.7373,71.9258,72.1412,72.3587,72.585,72.7877,72.9772,73.2248,73.4074,73.5631,73.7075,73.7973,73.9286,74.0873,74.2816,74.606,75.06,75.5501,76.0708,76.4913,76.8645,75.5831,74.2042,77.088,77.8145,77.9812
Kazakhstan,KAZ,65.7012,65.3788,64.9779,64.5377,64.1077,63.7169,63.4551,63.3182,63.349,63.5279,63.793,64.1081,64.4405,64.7533,65.04,65.3556,65.7223,66.18,66.7589,67.4605,68.2575,69.1076,69.9395,70.7189,71.4149,72.0242,72.5491,72.9955,73.3693,73.6581,71.1952,70.1311,73.5028,74.4021,74.5314
Kenya,KEN,58.3336,57.8258,57.095,56.6681,56.1013,55.8557,55.5748,55.4779,55.5681,55.8658,56.0836,56.5005,56.7587,57.3694,57.9472,58.5098,59.0588,59.4073,59.9545,60.4828,60.9149,61.2827,61.5373,61.7291,61.9904,62.279,62.5261,62.7248,62.8254,62.9391,61.5958,61.2253,63.5491,63.6459,63.8344
Kiribati,KIR,61.0184,61.5021,61.9682,62.406,62.7966,63.146,63.4703,63.7971,64.1,64.3933,64.6739,64.9179,65.1233,65.2869,65.4157,65.5174,65.6014,65.6766,65.7455,65.8083,65.8595,65.8958,65.9081,65.8979,65.8687,65.831,65.7991,65.7871,65.8067,65.8663,65.2046,64.1482,66.2687,66.4731,66.5995
"Korea, Dem. People's Rep.",PRK,70.484,70.717,71.009,70.794,70.472,60.766,60.82,60.869,60.887,60.91,60.911,60.893,60.877,69.399,69.294,69.168,69.061,69.021,69.303,69.702,70.246,70.772,71.317,71.867,72.451,72.825,72.971,73.034,73.02,72.928,72.783,73.437,73.641,73.642,
"Korea, Rep.",KOR,71.5975609756098,72.0463414634146,72.4975609756098,72.9975609756098,73.3975609756098,73.7,74.1512195121951,74.6024390243903,75.0048780487805,75.409756097561,75.909756097561,76.4121951219512,76.7658536585366,77.2146341463415,77.6658536585366,78.1682926829268,78.6682926829268,79.119512195122,79.5170731707317,79.9682926829268,80.1170731707317,80.5682926829269,80.819512195122,81.2707317073171,81.7219512195122,82.0243902439024,82.2756097560976,82.6268292682927,82.6268292682927,83.2268292682927,83.4268292682927,83.5268292682927,82.6804878048781,83.4292682926829,
Kosovo,XKX,66.508,66.456,67.381,67.945,68.595,68.782,69.359,69.862,68.58,58.265,71.321,71.782,72.227,72.678,73.132,73.437,73.63,74.422,74.711,74.79,74.609,75.323,75.75,76.336,76.179,76.024,76.748,77.105,77.117,77.249,74.212,74.981,77.623,78.033,
Kosovo (under UNSC res. 1244),XKX,66.5083,66.4562,67.3807,67.9451,68.5949,68.7816,69.3586,69.8621,68.5798,58.2652,71.3212,71.7825,72.2266,72.6781,73.1321,73.4374,73.63,74.4216,74.7112,74.79,74.6086,75.3234,75.7504,76.3358,76.1788,76.0241,76.7482,77.1052,77.1165,77.2489,74.2118,74.9812,77.6233,78.0326,78.2215
Kuwait,KWT,72.854,73.31,75.7351,75.7718,75.7279,75.6648,75.6015,75.5648,75.612,75.7223,75.8728,76.0366,76.1881,76.3043,76.3876,76.4639,76.5541,76.6875,76.8895,77.1674,77.4995,77.8637,78.227,78.5831,78.927,79.2194,79.5162,79.7314,79.8994,80.9960280487805,78.2483,78.18079268292685,79.6879524390244,81.7962524390244,80.5998
Kyrgyz Republic,KGZ,68.2975609756098,68.5512195121951,68.1024390243903,67.1926829268293,66.0390243902439,65.790243902439,66.5439024390244,66.8926829268293,67.0512195121951,68.6560975609756,68.5585365853659,68.7073170731707,68.1560975609756,68.2560975609756,68.1536585365854,67.9560975609756,67.6951219512195,67.8951219512195,68.4512195121951,69.1024390243903,69.3,69.6024390243903,70.0024390243902,70.2024390243902,70.4024390243902,70.6512195121951,70.9512195121951,71.2,71.4,71.6,71.8,71.9,72.0487804878049,72.2487804878049,
Kyrgyzstan,KGZ,64.8247,64.9404,64.4265,63.6459,62.718,62.9186,63.4469,64.1625,64.5788,64.9161,65.2419,65.3191,65.3418,65.4485,65.6494,65.7894,65.7816,66.0466,66.6158,67.1401,67.5214,67.7481,68.1419,68.4623,68.8293,69.3094,69.9095,70.5031,70.6678,70.8907,69.136,69.2904,71.487,71.677,71.8238
Lao PDR,LAO,54.035,54.7,55.098,55.583,55.81,56.344,56.821,57.302,57.549,57.866,58.317,58.887,59.302,59.643,60.08,60.688,61.074,61.694,62.248,63.023,63.69,64.505,65.126,65.723,66.35,66.688,67.014,67.345,67.594,67.911,68.339,67.807,68.715,68.964,
Lao People's Dem. Republic,LAO,54.035,54.7,55.0976,55.5833,55.8101,56.3441,56.8214,57.3023,57.5489,57.8658,58.3168,58.8867,59.3024,59.6426,60.0803,60.6881,61.0743,61.694,62.2477,63.023,63.6895,64.505,65.1262,65.7226,66.3497,66.6881,67.0136,67.3452,67.5942,67.9113,68.3386,67.8074,68.7152,68.9637,69.2245
Latvia,LVA,69.4572,69.1819,68.4514,66.6288,65.1828,65.9954,68.5859,69.2247,68.8508,69.6483,70.1755,69.9058,70.1755,70.6361,71.48316463414635,70.6324,70.5501,70.7894,71.999,72.6966,73.0285,73.7176,73.9387,74.1873,74.306,74.6646,74.7568,74.8005,74.9793,75.6278,75.4781,73.1809,74.8706,76.1898,76.3301
Lebanon,LBN,65.479,70.8648,71.1693,71.5588,72.0301,72.3835,72.6144,72.9402,73.2005,73.5135,73.8949,74.3542,74.8356,75.2753,75.6933,76.0737,75.6766,76.7316,76.9557,77.2618,77.5292,77.7682,77.941,78.0365,78.148,78.2754,78.3063,78.1922,78.2632,78.2079,76.2988,73.6495,78.0029,77.817,77.9453
Lesotho,LSO,59.3171,59.0607,58.6382,58.0604,57.2879,56.3684,55.1362,53.7334,52.0287,50.3848,48.7828,47.1525,45.9501,44.9214,44.0388,43.6115,43.182,43.6601,44.304,45.0552,46.0447,46.9302,48.2353,49.5475,50.7865,51.8298,52.9078,53.8737,54.6377,55.2493,55.1325,54.2091,56.8119,57.3749,57.7976
Liberia,LBR,37.6435,43.5745,43.5661,43.0215,42.6212,44.5732,44.9454,48.3022,49.3671,50.4116,51.8517,53.1095,54.0612,53.045,55.9489,56.7648,57.4946,58.1469,58.6751,59.1064,59.3577,59.4862,59.7855,59.9925,59.2101,59.2481,60.4834,60.7767,60.9995,61.2324,61.2672,61.1658,61.9342,62.1625,62.3238
Libya,LBY,69.3118,69.6353,69.9735,70.2474,70.4725,70.6415,70.7358,70.7197,70.6567,70.6007,70.5421,70.6533,70.7883,70.996,71.2096,71.4386,71.6324,71.7876,71.9361,72.0706,72.1963,69.9496,72.1882,72.3387,71.2996,71.644,71.7987,72.721,73.1508,72.9412,72.3882,72.0617,74.4615,69.3389,71.1211
Liechtenstein,LIE,78.5098,78.6597,78.654,78.4518,78.1798,77.9183,77.6657,76.8211707317073,77.8058,78.1507,77.70126463414636,79.1936,79.7588,80.2377,81.25191585365855,81.1169,81.4029,81.6389,81.8552,81.9374,82.0538,82.1571,82.2544,82.3739,82.5465,82.7618,82.8949,83.111,83.269,83.4047,82.037,83.5950695121951,83.4054,84.23563170731711,83.7476
Lithuania,LTU,71.3694,70.5095,70.3368,68.9336,68.5026,69.0184,70.1931,71.0289,71.3303,71.7172,72.1387,71.7123,71.8389,72.0883,72.0009,71.2464,70.9639,70.6982,71.6959,72.8496,73.1962,73.608,73.9644,74.0268,74.596,74.4737,74.8195,75.7015,75.9091,76.4245,75.105,74.2967,74.696,76.025,76.1674
Luxembourg,LUX,74.9674,74.9643,75.25856585365855,75.4257,75.9312,75.8777,76.1684,76.3903,76.5712,76.9864,77.2635,77.5298,77.5518,77.2624,78.6583,78.8786,78.8384,79.1157,80.1066,79.9074,80.0987,80.2848,80.4383,80.8544,81.2359,81.77439146341464,82.15263292682926,81.59216097560974,81.5187,82.11346219512195,81.4108,81.8392,82.2007,82.79396829268295,82.3606
"Macao SAR, China",MAC,76.3986829268293,76.4601219512195,76.8933170731707,77.3012682926829,77.2664878048781,76.7585365853659,77.5439024390244,77.6463414634146,78.2463414634146,78.9951219512195,80.1829268292683,80.5878048780488,80.9463414634146,81.0439024390244,80.9926829268293,81.3414634146341,81.7292682926829,81.7292682926829,82.0268292682927,82.1756097560976,82.2731707317073,82.4707317073171,82.4707317073171,82.7219512195122,83.0219512195122,83.2243902439024,83.2756097560976,83.5268292682927,83.6780487804878,83.9292682926829,84.1292682926829,83.7292682926829,83.0804878048781,83.1804878048781,
Madagascar,MDG,52.1403,52.555,52.9464,53.7325,54.2469,54.845,55.4768,56.1267,56.8028,57.4344,57.9742,58.6744,59.1704,59.6926,60.1684,60.6639,61.1404,61.5335,61.9919,62.3044,62.5967,62.8602,63.0068,63.1613,63.2615,63.3621,63.4312,63.4328,63.4911,63.5039,62.706,62.5157,63.0677,63.6317,63.8346
Malawi,MWI,43.5748,43.5397,43.6363,43.6485,43.8,43.8043,44.0051,44.1995,44.2995,45.06,46.1698,47.2049,48.1757,49.6013,51.0731,52.4693,53.652,54.6867,55.7151,56.7139,57.787,58.8589,59.8695,60.8158,61.6507,62.324,63.163,63.9145,64.4641,64.995,65.2159,64.782,66.037,67.3535,67.5608
Malaysia,MYS,70.9516,71.2192,71.4832,71.7209,71.8651,71.9792,72.1191,72.2959,72.3854,72.4278,72.7324,73.08,73.4695,73.7273,74.0269,74.3699,74.6969,74.9611,75.1514,75.2694,75.3761,75.4878,75.5524,75.464,75.3451,75.2876,75.3712,75.542,75.7341,75.9005,76.0566,73.9172,75.4442,76.6571,76.821
Maldives,MDV,63.1478,63.9106,64.6643,65.4343,66.1968,66.9619,67.7337,68.5171,69.303,70.1567,70.8919,71.6593,72.3597,73.2634,73.0085,74.7846,75.2558,75.7108,75.9994,76.3714,76.7556,77.1409,77.5123,77.8474,78.1873,78.6073,78.9128,79.2278,79.4331,79.7071,78.713,78.052,80.7595,81.0412,81.285
Mali,MLI,46.5415,46.8892,47.2381,47.5855,47.914,48.2925,48.4997,49.0859,49.5919,50.0603,50.6046,51.3004,51.9954,52.632,53.2527,53.7925,54.3046,54.7561,55.1868,55.5883,55.9931,56.3673,56.6959,57.0523,57.4818,57.8519,58.2857,58.562,58.8728,59.2173,58.8577,59.116,60.0347,60.4394,60.6745
Malta,MLT,76.1597,76.4884,76.68,76.8337,76.9457,76.9817,76.8312817073171,77.3158,77.7987,77.7525,77.9031,78.9023,78.4668,78.6961,79.1661,79.4894,79.5611,79.7375,79.6904,80.4155,81.3977,80.8038,81.0638,81.8181,82.3176,82.5914,82.6567,83.0891,82.9083,82.8387,82.3358,82.3161,82.2496,83.2989,83.4666
Marshall Islands,MHL,61.7558,61.792,61.8996,62.085,62.3083,62.5147,62.7654,63.0146,63.2175,63.4207,63.3233,63.7347,63.8483,63.9562,64.0442,64.1124,64.2072,64.2594,64.3003,64.3946,64.4977,64.6407,64.7761,64.9545,65.11,65.2922,65.4768,65.6731,65.8703,66.0473,65.3873,65.4209,66.7245,66.9454,67.075
Martinique,MTQ,75.8572,76.4347,76.6254,76.8155,77.0176,77.201,77.4153,77.6312,77.8386,78.0811,78.4973,78.4308,78.8801,79.6288,79.5927,80.2172,80.4301,80.0575,80.6944,81.2408,81.1379,81.6168,81.788,81.9017,81.9365,82.0308,81.8052,81.9879,82.0935,82.0734,80.2672,77.7403,80.8364,82.5651,82.7386
Mauritania,MRT,58.0869,58.2907,58.5683,58.7327,58.7633,58.8615,58.9149,59.4171,59.8896,60.4426,61.0435,61.6617,62.249,62.8047,63.3688,63.9197,64.4926,64.8845,65.2328,65.485,65.6606,65.7544,65.808,65.8899,66.2069,66.4982,66.8235,67.0885,67.4195,67.6397,66.7943,66.7618,68.2807,68.4836,68.7135
Mauritius,MUS,69.7706,70.0506,70.2128,70.3647,70.4197,70.5995,70.5243,70.6836,70.8944,71.3903,71.7597,71.9853,72.0549,72.3074,72.5465,72.6439,72.7813,72.8856,73.1239,73.26,73.6475,74.0678,74.3302,74.4298,74.6143,74.673,74.85,75.024,74.4909,74.1811,74.6572,72.903,73.5445,74.1692475609756,75.1022
Mayotte,MYT,73.6112,73.9556,74.2506,74.5428,74.8366,75.0747,75.3273,75.5946,75.8625,76.1145,76.3612,76.5265,76.6887,76.8373,77.0381,77.1305,77.4702,77.7747,78.0044,78.1963,78.2501,78.1565,77.8854,77.6097,77.2861,76.8827,76.5053,76.3488,76.221,76.1027,74.2126,72.8232,75.1273,76.0544,76.2405
Mexico,MEX,69.0342,69.3683,69.6633,69.9607,70.3017,70.703,71.0876,71.4723,71.7924,72.2034,72.5621,72.9118,73.1056,73.308,73.4324,73.6267,73.7457,73.7955,73.6949,73.6281,73.7181,73.9209,74.1278,74.289,74.4044,74.4315,74.3763,74.2609,74.3009,74.5302,70.4492,69.7499,73.9731,75.069,75.2645
Micronesia (Fed. States of),FSM,63.7217,63.8813,63.9961,64.041,64.0825,64.1421,64.2534,64.3714,64.5091,64.6261,64.3173,64.8013,63.9075,64.9148,64.8985,64.9065,64.8588,64.8437,64.8489,64.8652,64.8919,64.9685,65.0802,65.1786,65.294,65.3065,65.5757,65.7612,65.9427,66.1957,65.8776,66.1516,66.9606,67.1983,67.3568
"Micronesia, Fed. Sts.",FSM,63.722,63.881,63.996,64.041,64.082,64.142,64.253,64.371,64.509,64.626,64.317,64.801,63.907,64.915,64.898,64.906,64.859,64.844,64.849,64.865,64.892,64.969,65.08,65.179,65.294,65.306,65.576,65.761,65.943,66.196,65.878,66.152,66.961,67.198,
Moldova,MDA,67.92,67.554,66.749,66.66,66.319,66.218,66.248,66.484,66.84,67.205,67.462,67.672,67.793,67.9,68.017,68.197,68.423,68.674,69.0,69.406,69.876,70.173,70.344,70.291,70.241,70.118,70.179,70.375,70.236,70.181,69.914,68.991,71.546,71.198,
Monaco,MCO,79.4356,79.7494,80.0654,80.3646,80.6543,80.9021,81.1335,81.358,81.6054,81.8264,82.1207,82.485,83.0547,83.6128,84.1511,84.3396,84.1944,83.9034,83.8271,84.1871,84.6441,85.0099,85.0451,85.0557,85.0925,85.3231,85.6302,85.8784,86.0843,86.1507,86.0893,85.1126,85.7464,86.3724,86.4968
Mongolia,MNG,58.8174,59.8178,60.4404,60.8286,60.8555,60.8909,60.9996,61.4377,62.1208,62.8346,63.4577,63.8055,63.9924,64.1349,64.3431,64.8105,65.5694,66.4713,67.0861,67.1727,67.8030048780488,68.1381341463415,68.5557719512195,69.15407439024389,69.65988536585365,70.0244219512195,69.736,70.1709,70.5743,70.6631,70.68906219512195,70.10526097560975,71.5049,71.7341,71.985
Montenegro,MNE,73.8768,73.9509,73.7998,73.8689,73.7639,73.7395,73.6108,73.5036,73.4418,73.2935,73.5522,73.739,74.1306,74.226,74.3789,74.4252,74.6713,74.6739,75.0006,75.3973,75.7125,75.9607,76.2367,76.3539,76.4679,76.5939,76.5647,76.5929,76.9215,76.6392,75.8503,73.7893,75.9214,77.0869,77.2537
Montserrat,MSR,70.9395,71.1414,71.3995,71.6541,71.9123,72.1731,72.415,63.2197,72.8449,72.9668,73.1501,73.331,73.5523,73.7886,74.0006,74.1851,74.3424,74.4499,74.5334,74.6229,74.6831,74.7673,74.8496,74.9333,75.0332,75.1277,75.228,75.3312,75.4559,75.6002,75.5677,75.8958,76.0377,76.1857,76.3397
Morocco,MAR,62.3958,62.9186,63.3883,63.8679,64.3459,64.7246,65.2257,65.6159,66.0078,66.4037,66.7937,67.1996,67.5817,67.9577,68.2721,68.7475,69.1574,69.6197,70.0509,70.4543,70.8211,71.2634,71.674,72.1174,72.5225,72.8938,73.2279,73.6079,73.9456,74.2446,73.1327,73.3848,75.1614,75.3128,75.493
Mozambique,MOZ,44.3369,44.7046,45.0953,45.6746,46.0858,46.5463,47.1208,47.7996,48.2121,48.8374,49.4762,50.2593,50.8793,51.3831,51.8551,52.3225,52.7476,53.2554,53.7989,54.3999,55.0397,55.7334,56.4604,57.1889,57.965,58.711,59.455,60.1484,60.7904,61.3059,61.3904,60.2683,63.0115,63.6111,63.797
Myanmar,MMR,57.1587,57.3955,57.681,58.0324,58.3256,58.6708,59.1689,59.5226,59.896,60.1066,60.3567,60.6398,60.9245,61.196,61.4425,61.7204,62.0263,62.3667,56.3637,63.0952,63.4791,63.8589,64.2511,64.617,64.9941,65.2877,65.6399,65.9086,66.2322,66.4567,66.6121,65.5535,66.5058,66.889,67.0952
Namibia,NAM,61.3586,60.8326,60.1601,59.2604,58.4407,57.5178,56.6387,55.8444,54.7672,53.9825,52.9462,51.9803,51.9882,51.9178,52.1755,52.557,53.1826,54.026,54.7401,55.3474,56.0935,56.6467,57.7335,58.4675,59.3113,60.0083,60.8098,61.661,62.5787,63.5463,64.0712,60.8499,64.1903,67.3848,67.5155
Nauru,NRU,59.1018,59.3124,59.5184,59.7613,59.9538,60.0627,60.0704,59.9848,59.86,59.7007,59.5743,59.4823,59.427,59.3587,59.3455,59.3608,59.4086,59.4899,59.6754,59.8524,60.0741,60.2868,60.5326,60.7009,60.8335,60.8969,60.9958,61.1011,61.2378,61.3931,61.5271,61.3312,61.9304,62.1094,62.2787
Nepal,NPL,54.7708,55.6499,56.6864,57.5974,58.6307,59.3229,60.0437,60.8226,61.5322,62.0353,62.6424,63.2881,63.5071,64.2291,64.7439,65.2755,65.8907,66.1686,66.4425,66.6004,66.7724,67.1234,67.3637,67.5978,67.812,67.3736,68.4436,68.7398,69.036,69.2992,69.1065,68.3846,70.0869,70.3537,70.6357
Netherlands,NLD,77.0122,77.1617,77.3648,77.0408,77.5183,77.5512,77.5561,77.9311,78.0044,77.9678,78.13,78.3379,78.4119,78.6649,79.2389,79.488,79.8466,80.255,80.3866,80.6712,80.8293,81.1096,81.059,81.3011,81.6503,81.49,81.5549,81.7366,81.7813,82.053,81.3931,81.356,81.9121,82.1576,82.3038
New Caledonia,NCL,69.5259,69.8205,70.1431,70.5038,70.8967,71.3138,71.7497,72.2035,72.6766,73.1407,73.5737,73.9577,74.2781,74.4996,74.7131,74.8671,75.0163,75.1812,75.3981,75.676,75.9915,76.3151,76.6153,76.8666,77.0529,77.2055,77.3589,77.5036,77.5567,77.2623,77.0494,77.1134,77.6983,78.7658,78.9207
New Zealand,NZL,75.4252,76.0789,76.1907,76.4987,76.9178,76.7853,76.8069,77.3441,78.1667,77.9107,78.6681,78.6615,78.8659,79.1414,79.3548,80.0308,80.0152,80.122,80.2457,80.545,81.0517,80.8422,81.1668,81.6119,81.4106,81.5866,82.0027,81.6053,81.8838,81.8322,82.6628,82.3003,81.0061,82.088,82.2449
Nicaragua,NIC,62.4729,63.3096,63.6717,64.0928,64.549,64.8693,65.2148,65.5231,64.1109,65.8924,66.3601,67.0281,67.9504,68.7487,69.5101,70.3745,70.9578,71.1973,71.4043,71.4986,71.7608,72.0329,72.4346,72.5513,72.792,72.8989,73.1803,73.3892,73.8787,73.7637,70.7662,70.4777,74.4626,74.9468,75.0998
Niger,NER,41.7324,42.2892,43.0644,43.8382,44.5862,45.5039,46.3133,47.0975,47.8066,48.4801,49.1725,49.8722,50.6448,51.5448,52.4019,53.3203,54.2228,55.0628,55.8515,56.4871,57.0796,57.6001,57.9867,58.364,58.6934,58.8498,59.2283,59.5239,59.7646,60.031,59.8903,59.5422,60.3981,61.1833,61.4328
Nigeria,NGA,45.7327,45.4832,45.5874,45.7826,45.7476,45.8701,45.8328,45.9598,46.1479,46.6088,47.1427,47.5493,48.0201,48.618,49.1477,49.5377,49.876,50.3812,50.7483,51.0801,51.3145,51.4902,51.6876,51.8271,51.9401,51.9394,52.1894,52.3971,52.669,53.0086,53.0724,53.455,54.079,54.4623,54.6349
Niue,NIU,67.0624,66.8168,66.543,66.4086,66.3923,66.3785,66.3903,66.4372,66.5763,65.6411,66.6454,66.7003,66.6898,66.7746,65.6006,66.9773,67.0659,67.1786,67.2502,67.4562,67.6513,67.8254,68.0091,68.2061,68.4181,68.6111,68.7963,68.9833,69.1361,69.2988,69.4704,69.5721,69.8182,69.9778,70.1041
North Macedonia,MKD,71.3392,71.7519,71.3018,71.7311,71.487,71.9651,71.8537,71.8806,71.8025,72.3084,72.569,73.0061,72.709,73.0466,73.4475,73.6075,73.7907,73.7418,74.4363,74.4689,75.0374,75.1424,75.043,75.5832,75.6327,75.6289,75.571,76.1524,76.8835,76.8346,74.4687,73.2918,75.53518902439025,76.3553987804878,77.5397
Northern Mariana Islands,MNP,70.0379,70.3623,70.7618,71.1556,71.533,71.938,72.4416,72.9466,73.5727,74.2624,74.9002,75.4188,75.9336,76.5054,76.7887,77.3067,77.6882,77.8627,77.938,77.9033,77.7996,77.6883,77.5658,77.4519,77.3774,77.3596,77.3916,77.4704,77.51,77.8437,78.03,78.1598,78.5312,78.8075,78.9471
Norway,NOR,76.5864,77.0382,77.2461,77.2207,77.7728,77.7966,78.2326,78.2382,78.4081,78.3864,78.6916,78.8958,78.9602,79.5291,79.9645,80.1695,80.4404,80.5024,80.6772,80.8655,81.0392,81.2454,81.4458,81.6683,82.0869,82.2728,82.4151,82.6242,82.7599,82.9553,83.1953,83.1656,82.6309,83.3078,83.46
Oman,OMN,69.012,69.5837,70.1139,70.6076,71.0722,71.5603,72.0231,72.463,72.8817,73.2761,73.6428,73.9788,74.2761,74.5213,74.8204,75.0705,75.3543,75.5959,76.124,76.6309,77.1844,77.7405,78.1874,78.6326,79.03,79.3457,79.5813,79.7483,79.8642,79.9456,77.7634,75.9693,77.9106,80.0305,80.2464
Pakistan,PAK,59.7282,59.8638,59.9826,60.0829,60.1968,60.2735,60.4659,60.6234,61.1338,61.5396,61.9029,62.2406,62.5561,62.8343,63.0972,62.4163,63.6235,63.8075,64.0021,64.2059,64.3784,64.6588,64.8834,65.1285,65.374,65.6406,65.9434,66.2233,66.4807,66.7288,65.7015,65.7731,67.4167,67.649,67.7994
Palau,PLW,62.7904,62.8486,62.9256,62.9796,63.1041,63.2551,63.4551,63.7074,63.9507,64.2298,64.4991,64.8001,65.0756,65.446,65.8158,66.2193,66.6334,67.1128,67.5618,67.9904,68.3473,68.6384,68.8632,68.9805,69.062,69.0702,69.0464,69.0189,68.9885,68.9816,68.6889,68.5629,68.9222,69.269,69.3826
Panama,PAN,71.2655,71.331,71.4613,71.8046,71.9429,71.9944,72.199,72.5415,72.7846,73.1239,73.4432,73.8197,74.1947,74.5671,74.8453,75.1604,75.4291,75.6751,75.937,76.2283,76.417,76.6594,76.8767,77.1292,77.3645,77.5827,77.7724,77.9011,78.2656,78.5145,76.3302,77.0037,79.3241,79.5937,79.7746
Papua New Guinea,PNG,59.778,59.94,60.2603,60.4658,60.7258,60.9288,61.0705,61.2697,60.4348,61.5053,61.6091,61.6465,61.6432,61.741,61.7954,61.8678,62.018,62.2111,62.5106,62.7722,63.0557,63.3819,63.6389,63.9267,64.1977,64.473,64.7,64.9229,65.1139,65.3306,65.075,64.3577,65.2736,66.134,66.2558
Paraguay,PRY,67.3405,67.6758,67.9609,68.2336,68.5039,68.7775,69.0504,69.2835,69.5075,69.7739,70.0259,70.2808,70.5393,70.7949,71.054,71.3174,71.5837,71.8173,72.0475,72.2821,72.5506,72.7875,73.1046,73.2916,73.4145,73.4535,73.4865,73.4495,73.6271,73.6681,72.7197,68.1081,72.3185,73.8443,73.9824
Peru,PER,63.9791,64.248,65.0311,65.7319,66.5439,67.2196,67.8499,68.3241,68.724,69.302,69.821,70.315,70.8147,71.2777,71.4467,71.9882,72.3365,72.7463,72.7426,72.6311,72.8858,73.327,73.9792,74.5905,75.26,75.7316,75.9508,75.9576,76.018,76.2749,73.8315,71.5962,76.834,77.7401,77.941
Philippines,PHL,64.3825,64.6224,65.353,65.6614,65.9998,66.311,66.691,66.9939,67.2122,67.5027,67.7892,67.8286,67.886,68.0491,68.3007,68.4231,68.1723,68.549,68.6432,68.6311,68.8833,69.0963,69.2375,69.2828,69.3106,69.4501,69.4896,69.9661,69.7615,69.6804,70.0974,66.6755,69.4723,69.8327,69.9461
Poland,POL,70.606,70.653,70.8996,71.3445,71.6825,71.9588,72.2531,72.5915,72.8465,73.2237,73.6453,74.1771,74.5183,74.7716,74.9434,75.127,75.2504,75.4143,75.5829,75.9063,76.2823,76.5683,76.7748,77.0758,77.312,77.5894,77.6395,77.7155,77.6232,77.9213,76.5951,75.6387,77.9229,78.6329,78.8098
Portugal,PRT,74.3043,74.2406,74.8705,74.7615,75.7296,75.5498,75.4758,75.9221,76.1161,76.3218,76.8301,77.1517,77.3698,77.5828,78.4274,78.3169,79.0894,79.3087,79.06349512195125,79.27816463414635,79.57086463414635,80.5822,80.5549,80.9029,81.3135,81.3213,81.3636,81.6605,81.5915,81.9587,81.3664,81.3978,81.1936,82.3599,82.5505
Puerto Rico,PRI,72.8274,73.8766,73.3872,73.309,73.6218,73.5707,73.9948,74.6738,74.5557,75.2783,75.5141,75.9715,76.8192,76.9406,76.9129,76.7028,77.5612,77.6595,78.1105,78.3772,78.7174,78.7656,79.2584,80.3181,80.0391,80.6775,80.3547,79.07,81.0859,81.4383,80.009,79.7698,79.4269,81.6902,81.9018
Qatar,QAT,73.4048,73.6537,73.8757,74.0708,74.2445,74.4041,74.5577,74.7128,74.8721,75.0483,75.25,75.4858,75.7655,76.0975,76.4839,76.9088,77.3226,77.7413,78.2618,78.8371,79.4438,79.9943,80.4994,80.9735,81.3955,81.785,82.1472,82.4583,82.7136,82.9454,80.4095,81.083,81.8566,82.368,82.5224
Republic of Korea,KOR,70.9936,71.4024,72.1755,72.7453,72.889,73.3752,74.0207,74.5313,75.035,75.6173,76.2351,76.9195,77.2304,77.4974,77.9571,78.4486,79.0348,79.4323,79.9956,80.5504,80.7172,81.1685,81.3075,81.8356,82.3641,82.5404,82.9204,83.2784,83.34,83.6846,83.6752,83.8517,82.727,84.3288,84.4336
Republic of Moldova,MDA,67.9203,67.5537,66.7485,66.66,66.3188,66.2179,66.2481,66.4843,66.8403,67.2047,67.4623,67.6725,67.7926,67.8998,68.0166,68.1969,68.4234,68.6738,69.0001,69.4057,69.8759,70.1732,70.3438,70.2907,70.2407,70.118,70.1792,70.375,70.2355,70.181,69.9144,68.9908,71.5465,71.1985,71.3322
Romania,ROU,69.8412,70.0455,69.5063,69.512,69.3255,69.323,68.8211,69.0857,69.8918,70.5814,71.1594,71.1223,70.8348,70.8189,71.0957,71.5808,72.1693,72.7922,73.2158,73.457,73.5793,74.2877,74.314,74.9179,74.7654,74.7371,75.0209,75.0236,75.1033,75.3288,74.0464,72.7405,75.2614,75.9381,76.0925
Russian Federation,RUS,69.2794,68.997,67.8426,65.0389,63.8225,63.9945,65.4488,66.5938,66.916,65.5954,64.9982,65.0151,64.73,64.715,65.1489,65.2185,66.5458,67.469,67.8621,68.6571,68.1526,69.7255,70.1165,70.6403,70.7978,71.3449,71.9101,72.845,72.9363,73.0658,71.1705,69.8066,72.5174,73.1541,73.3428
Rwanda,RWA,47.7629,46.2429,44.3972,42.9371,12.1575,41.5183,42.4858,41.9785,43.0985,45.7487,47.7977,49.4897,51.262,53.5291,55.5204,56.9683,58.3422,59.5041,60.6407,61.8128,62.804,63.4764,64.1887,64.6512,65.0877,65.4188,65.7326,66.1404,66.3539,66.6905,66.9534,66.8496,67.528,67.7852,68.0167
Réunion,REU,74.1895,74.4728,74.7866,75.0373,75.409,75.7109,76.0275,76.3375,76.621,76.8402,77.0091,77.145,77.3519,77.5633,77.7493,77.9525,78.344,78.9305,79.5018,80.0348,80.474,80.9732,81.3486,81.6204,81.7762,81.9118,82.0281,82.1273,82.198,82.3179,82.5765,81.5003,81.5,83.5472,83.6712
Saint Barthélemy,BLM,75.7064,76.1721,76.6235,77.0924,77.455,77.782,78.0629,78.3875,78.7251,79.0707,79.3411,79.6228,79.9035,80.1795,80.5027,80.8214,81.1316,81.4245,81.6605,81.7567,81.8807,82.0693,82.3231,82.4823,82.7933,82.9707,83.1544,81.7559,83.6036,83.8237,84.0707,84.1875,84.2805,84.2901,84.3996
Saint Helena,SHN,71.5431,71.6346,72.116,72.2511,72.5928,73.196,73.6832,74.357,75.3254,76.0399,75.7544,76.0621,75.83,76.3716,77.1313,77.1658,76.8196,75.7329,75.7933,76.1296,76.5108,76.5625,76.2267,76.2371,75.5721,75.1995,75.8061,76.3355,76.4031,76.6816,76.8925,76.7652,76.7352,76.7869,76.9545
Saint Kitts and Nevis,KNA,65.6415,65.9578,66.3393,66.7081,67.0018,67.2304,67.4878,67.8107,67.8906,68.7251,69.2488,69.7671,70.1939,70.6142,70.9198,71.151,71.3557,71.4372,71.4786,71.4884,71.4516,71.4,71.3619,71.2903,71.2275,71.2112,71.2269,71.284,71.3362,71.5399,71.1814,69.2709,70.3131,72.1447,72.2814
Saint Lucia,LCA,70.0082,70.3089,70.7339,71.0499,71.0758,71.1725,70.9627,70.7782,70.6798,70.6917,70.7791,71.3671,71.7065,72.1883,72.4527,72.5437,72.794,72.8598,72.9635,72.9459,72.7676,72.9617,72.86,72.6872,72.6764,72.9319,72.5515,72.5218,72.6546,72.249,72.3077,69.1194,72.6699,72.6968,72.846
Saint Martin (French part),MAF,74.5646,74.9252,75.1502,75.3488,75.5334,75.7139,75.8855,76.1047,76.338,76.5654,76.7932,77.0093,77.2189,77.4194,77.6122,77.8018,77.9885,78.1596,78.3263,78.5132,78.7523,79.0164,79.3023,79.5281,79.7269,79.8295,79.8852,78.7621,80.029,80.0784,80.0848,80.206,80.2355,80.2238,80.4382
Saint Pierre and Miquelon,SPM,73.1602,73.3449,73.4045,73.5239,73.6622,73.8039,73.9726,74.1812,74.405,74.6456,74.8809,75.1069,75.3259,75.4997,75.6804,75.8029,75.9194,76.0503,76.1767,76.2723,76.3546,76.4099,76.4635,76.481,76.4747,76.4825,76.509,76.5456,76.5851,76.6094,76.6183,76.6661,76.6987,76.7578,76.9371
Saint Vincent and the Grenadines,VCT,70.6468,70.6402,70.7448,70.621,70.6018,70.5748,70.4662,70.3817,70.2629,70.312,70.3498,70.3817,70.6579,70.4302,70.4452,70.4538,70.4342,70.446,70.6113,70.7119,70.66,70.6094,70.5386,70.0912,70.3548,70.4626,70.6997,71.0126,71.0174,70.9944,69.6051,69.132,71.1906,71.2301,71.3816
Samoa,WSM,67.8075,68.0386,68.5319,68.8182,69.1615,69.4695,69.7673,70.0449,70.3077,70.555,70.7906,71.0284,71.2333,71.4406,71.5077,71.4868,71.6199,71.6045,71.5312,69.4858,71.4512,71.393,71.1593,71.2291,71.1416,71.0599,71.0027,70.991,71.0516,70.2695,70.7265,71.0958,71.5503,71.6982,71.8258
San Marino,SMR,77.7826,77.9435,78.1335,78.3731,78.67,79.0308,79.3324,79.6773,79.9176,80.1998,80.5036,80.8028,81.0608,81.3303,81.5921,81.9256,82.2577,82.6049,82.8936,83.2239,83.4638,83.7132,83.9427,84.1749,84.3941,84.5959,84.7751,84.9326,85.0947,85.2565,82.6495,83.5389,85.7082,85.7062,85.8171
Sao Tome and Principe,STP,60.7072,60.7921,60.706,60.6179,60.5518,60.5359,60.5756,60.6475,60.7851,60.9761,61.2067,61.4996,61.8262,62.1579,62.5601,62.4344,63.0413,63.3356,63.4478,63.6687,63.8667,64.1217,64.5053,64.9301,65.4775,66.0231,66.5632,67.0741,67.6015,68.0435,67.979,68.0262,69.2368,69.7182,69.9046
Saudi Arabia,SAU,68.8744,69.3409,69.7995,70.2076,70.5867,70.9443,71.2878,71.6238,71.9574,72.2903,72.6067,72.9505,73.2959,73.657,74.0273,74.4004,74.7617,75.0662,75.3014,75.4471,75.6161,75.8081,76.0896,76.5169,77.1159,77.7762,78.3537,78.7213,78.7499,78.3132,77.5962,77.0887,77.3098,78.7321,78.982
Senegal,SEN,56.6739,57.0369,57.2872,57.3483,57.4792,57.3356,57.1285,57.1069,57.0764,57.3145,57.6153,58.158,58.9124,59.4735,60.3076,60.9801,61.8006,62.6525,63.2012,63.7513,64.2214,64.7987,65.2291,65.6376,66.0014,66.4511,66.724,67.0589,67.3792,67.668,67.4961,66.8685,67.7884,68.6829,68.924
Serbia,SRB,72.2251,71.9376,71.6279,71.8756,72.3036,72.7264,72.916,72.9467,72.2993,69.9939,72.3344,72.2745,72.5994,72.7222,72.8667,73.1151,73.3951,73.724,73.9041,74.106,74.3762,74.7194,75.0888,75.3461,75.4778,75.653,75.7375,75.7921,76.0356,76.0585,74.5065,72.853,75.4778,76.7693,76.9394
Seychelles,SYC,69.13855853658535,70.2629,70.3457,70.4148,70.5039,71.55851341463415,70.7952,70.7594,71.092,71.93809634146339,72.0453743902439,72.3414292682927,71.5458,71.684,71.7069,71.9209,72.0474,72.1617,72.3233,72.4139,72.4771,72.5062,73.3831548780488,72.4279,72.3545,73.29026097560975,73.2776780487805,73.26595,72.1756,73.08447073170731,75.66389268292684,72.30868048780485,72.47526951219515,73.91026829268296,72.9864
Sierra Leone,SLE,43.7204,43.287,43.451,43.4277,42.808,42.5787,43.5283,43.6493,42.7144,41.9622,44.8341,45.4476,46.1739,46.7843,47.4853,48.306,49.5472,50.0239,50.6927,51.3124,51.9272,52.5936,53.159,54.0515,54.2809,55.454,56.9368,57.761,59.0587,59.5935,59.6935,60.2596,61.2748,61.7858,61.9638
Singapore,SGP,74.5982,75.0582,75.3265,75.5328,75.6269,75.7249,76.0504,76.3889,76.851,77.2711,77.7525,78.2668,78.7357,79.1777,79.6584,80.2706,80.6404,80.8845,81.0992,81.4282,81.6472,81.9417,82.2089,82.4676,82.6146,82.7479,82.897,83.0947,83.3783,83.6622,83.6607,83.4846,82.9211,83.7362,83.8633
Sint Maarten (Dutch part),SXM,72.4137,72.384,72.4022,72.462,72.5975,72.8492,73.1877,73.5508,73.9001,74.2222,74.4091,74.5246,74.5847,74.5879,74.6175,74.6812,74.7786,74.8123,74.8522,74.7963,74.8212,74.8684,75.1253,75.3913,75.7346,75.8992,75.9518,75.4551,75.6932,75.6796,75.0023,74.5049,76.1804,76.371,76.5284
Slovak Republic,SVK,70.9326829268293,70.8829268292683,71.7951219512195,72.4487804878049,72.3,72.2536585365854,72.6536585365854,72.7048780487805,72.5512195121951,72.9024390243902,73.0512195121951,73.4024390243903,73.6048780487805,73.6048780487805,73.9585365853659,73.9048780487805,74.2048780487805,74.2073170731707,74.7048780487805,74.909756097561,75.1121951219512,75.9585365853659,76.109756097561,76.4121951219512,76.8121951219512,76.5634146341463,77.1658536585366,77.1658536585366,77.2658536585366,77.6658536585366,76.8658536585366,74.6146341463415,76.9658536585366,78.0170731707317,
Slovakia,SVK,70.819,70.9212,71.3652,71.8803,72.3295,72.2537,72.7385,72.6887,72.573,72.9625,73.1393,73.5706,73.765,73.8185,74.2172,74.1562,74.4161,74.4947,74.8643,75.2175,75.4963,76.0181,76.1764,76.5139,76.8484,76.6505,77.2156,77.22,77.265,77.6863,76.8643,74.5901,77.0356,78.3414,78.4924
Slovenia,SVN,73.4654,73.4746,73.4192,73.584,73.9062,74.4188,74.7968,74.9886,75.1392,75.4538,75.8302,76.1809,76.3155,76.3172,76.9319,77.5029,77.8204,78.2855,78.595,79.027,79.3008,79.5884,79.7652,80.0884,80.2517,80.4994,80.512,80.6163,80.861,81.007,80.3641,80.434,80.7933,81.6034,81.7768
Solomon Islands,SLB,66.1942,66.3573,66.4709,66.5577,66.6614,66.717,66.7391,66.7678,66.8904,67.001,67.1164,67.2365,67.3501,67.4787,67.6283,67.79,67.9676,67.8451,68.3362,68.3971,68.6694,68.8241,68.9606,69.0072,68.9836,69.3234,69.5012,69.6517,69.8061,69.9807,69.2577,68.8904,70.4086,70.5277,70.694
Somalia,SOM,46.896,25.4184,25.0342,50.5506,50.3025,50.6499,50.5244,50.278,50.7552,50.611,50.7466,50.8291,50.8202,50.7208,50.6849,50.8937,50.9152,50.8852,51.4558,52.101,48.8996,32.4525,49.1384,54.0163,54.4421,55.0555,55.2828,52.1901,54.7673,57.2494,57.0948,55.7027,53.9315,58.8158,58.9668
South Africa,ZAF,62.9422,62.9827,62.839,62.6183,62.0693,61.6033,61.0786,60.538,59.9124,59.1895,58.3678,57.1607,55.5795,54.2451,53.963,53.9142,54.2204,54.9477,55.9817,57.413,58.8863,60.6024,61.7366,62.3883,63.1845,64.0532,64.7495,65.4222,65.726,66.0711,65.1502,62.0099,65.4536,66.1387,66.3124
South Sudan,SSD,28.6275,29.1851,21.9378,22.2634,44.8582,31.5104,32.124,33.0682,19.0479,44.5371,47.5913,48.5505,49.3942,52.3242,53.0517,53.9646,54.6529,55.4249,56.2803,56.8478,57.4848,57.6738,58.2406,58.2853,45.6247,39.7565,36.72,35.3511,51.9049,58.1293,57.6479,57.0474,57.2026,57.6174,57.7382
Spain,ESP,77.0004,77.1285,77.5888,77.728,78.1141,78.2002,78.3389,78.8504,78.9395,78.9437,79.4123,79.7387,79.8177,79.7482,80.3283,80.3196,80.9627,80.9696,81.2782,81.627,82.0063,82.1804,82.1905,82.6943,82.8283,82.6109,82.9999,82.9862,83.0956,83.4794,82.2413,82.9508,82.3661,83.6703,83.7994
Sri Lanka,LKA,69.2389,69.131,69.6191,70.0485,70.2114,69.7456,69.8405,69.9345,70.1342,70.4265,71.1787,71.8044,72.2711,72.4417,68.0218,73.0733,72.825,72.9831,72.5557,70.2976,74.4626,74.7405,75.1866,75.5461,75.7573,75.9899,76.1361,76.2386,76.4853,76.698,76.9281,76.2779,77.2996,77.4828,77.6725
St. Kitts and Nevis,KNA,65.641,65.958,66.339,66.708,67.002,67.23,67.488,67.811,67.891,68.725,69.249,69.767,70.194,70.614,70.92,71.151,71.356,71.437,71.479,71.488,71.452,71.4,71.362,71.29,71.228,71.211,71.227,71.284,71.336,71.54,71.181,69.271,70.313,72.145,
St. Lucia,LCA,70.008,70.309,70.734,71.05,71.076,71.172,70.963,70.778,70.68,70.692,70.779,71.367,71.707,72.188,72.453,72.544,72.794,72.86,72.963,72.946,72.768,72.962,72.86,72.687,72.676,72.932,72.552,72.522,72.655,72.249,72.308,69.119,72.67,72.697,
St. Martin (French part),MAF,74.565,74.925,75.15,75.349,75.533,75.714,75.885,76.105,76.338,76.565,76.793,77.009,77.219,77.419,77.612,77.802,77.989,78.16,78.326,78.513,78.752,79.016,79.302,79.528,79.727,79.829,79.885,78.762,80.029,80.078,80.085,80.206,80.236,80.224,
St. Vincent and the Grenadines,VCT,70.647,70.64,70.745,70.621,70.602,70.575,70.466,70.382,70.263,70.312,70.35,70.382,70.658,70.43,70.445,70.454,70.434,70.446,70.611,70.712,70.66,70.609,70.539,70.091,70.355,70.463,70.7,71.013,71.017,70.994,69.605,69.132,71.191,71.23,
State of Palestine,PSE,67.8035,68.2219,68.4782,68.759,69.3283,69.5829,69.9816,70.3277,70.5642,70.7887,70.2984,69.75,70.8805,70.9672,71.0943,72.0041,71.8306,72.0636,72.2045,72.306,73.3018,73.5572,73.7218,74.1404,72.7814,74.5773,74.9168,75.2159,75.3798,75.8114,74.9978,73.8896,76.6624,65.1703,69.2134
Sudan,SDN,55.4969,55.553,55.952,56.102,57.0223,57.4465,57.6379,58.0579,58.3082,58.6073,58.9456,59.2641,59.3078,58.3193,56.7731,57.2263,60.3996,61.4419,61.2609,62.6765,62.9792,63.1809,63.4273,63.4433,63.9905,64.3746,64.6773,65.1464,65.5005,65.8032,65.1237,64.4604,65.695,66.331,66.5207
Suriname,SUR,62.0878,62.1512,62.2456,62.3817,62.542,62.7792,63.0786,63.3853,63.706,64.0353,64.4089,64.8201,65.2744,65.7785,66.3615,66.9974,67.6431,68.3071,68.8732,69.3231,69.6262,69.8203,69.9568,70.1101,70.33,70.5671,70.9786,71.2474,71.4679,71.7734,72.3208,68.9427,73.2538,73.631,73.7575
Sweden,SWE,77.5886,77.7285,78.0712,78.1356,78.7471,78.8222,79.0447,79.2724,79.4163,79.5085,79.7387,79.8363,79.9349,80.1951,80.5465,80.6213,80.8318,80.97,81.1373,81.3633,81.519,81.7584,81.7299,81.9354,82.2241,82.1844,82.3391,82.4377,82.5321,83.0518,82.4271,83.0196,83.046,83.2624,83.4236
Switzerland,CHE,77.3851,77.6485,77.9441,78.2335,78.4946,78.565,79.0494,79.2329,79.4752,79.7235,79.834,80.2511,80.4438,80.5325,81.0549,81.2362,81.5495,81.7028,81.9709,81.9891,82.2873,82.5738,82.6167,82.6892,83.0841,82.8461,83.4457,83.414,83.5639,83.7804,83.0626,83.6477,83.2003,83.9536,84.0879
Syrian Arab Republic,SYR,69.8298,70.0752,70.2428,70.3087,70.2958,70.2093,70.1565,70.1582,70.2372,70.5065,70.8563,71.2958,71.7424,72.1875,72.4938,72.7966,73.0396,73.2563,73.3681,73.4959,73.5417,72.2593,66.2064,65.1457,65.4916,63.2651,65.1896,65.6508,67.3711,70.9701,71.944,72.4175,72.7898,72.1201,72.5598
Tajikistan,TJK,61.6358,61.6795,57.0846,55.5119,60.0935,61.389,60.8059,61.9285,62.4037,63.1138,63.542,64.197,64.8983,65.8742,66.6042,66.5313,66.9968,67.4046,67.9243,68.2475,68.3698,68.6983,69.1296,69.579,69.697,69.6647,69.9819,70.5241,70.7366,70.962,68.6054,69.5935,71.5624,71.7901,71.9265
Tanzania,TZA,51.985,51.837,51.432,51.215,51.077,51.005,51.132,51.246,51.807,52.399,53.244,54.124,54.94,55.929,56.836,57.675,58.512,59.26,59.896,60.494,61.127,61.618,62.286,62.788,63.364,63.928,64.404,64.963,65.488,66.007,66.771,66.131,66.879,66.995,
Thailand,THA,68.9244,69.1322,69.353,69.5677,69.6609,69.7565,69.94,70.3622,70.7029,70.9787,71.2053,71.5198,71.7747,72.1012,72.1,72.8938,73.3413,73.7795,74.2205,74.6691,75.0117,75.3015,75.5899,75.9601,76.2792,76.5631,76.7693,76.9888,77.1903,77.1967,77.3314,77.6065,75.2913,76.4115,76.5636
Timor-Leste,TLS,45.1849,45.0763,46.1901,47.0075,47.8608,47.5429,48.2602,48.9681,48.5826,45.2456,58.0969,58.7722,59.4766,60.1304,60.7428,61.2717,61.8807,62.3957,62.8575,63.2652,63.6599,64.0223,64.3844,64.7189,65.0268,65.3262,65.6099,65.8982,66.2039,66.4964,66.9191,66.1993,67.3684,67.6894,67.9045
Togo,TGO,54.557,54.2551,54.0767,53.8516,53.7069,53.6922,53.8172,53.8453,53.9561,54.3101,54.577,54.7456,55.0319,55.2994,55.5941,55.9159,56.1416,56.3821,56.6511,56.9267,57.2266,57.6118,57.9396,58.3447,58.7663,59.2201,59.6686,60.1351,60.6006,61.0554,61.1225,61.3285,62.2898,62.7387,62.9323
Tokelau,TKL,69.3765,69.7972,70.2148,70.5855,70.9236,71.2134,71.4674,71.6523,71.8105,71.9999,72.1967,72.4259,72.6536,72.8907,73.1245,73.342,73.555,73.7796,74.0213,74.2712,74.5103,74.7605,75.0127,75.2692,75.4738,75.7071,75.9262,76.0554,76.2435,76.4524,76.6217,76.7183,76.887,77.0512,77.1671
Tonga,TON,67.5392,67.7487,67.9269,68.1572,68.3705,68.592,68.8031,69.0122,69.2244,69.4315,69.6349,69.7998,70.0301,70.2275,70.433,70.56,70.7098,70.8868,71.0412,70.9489,71.3185,71.4372,71.5461,71.6499,71.7212,71.851,71.9505,72.0657,72.1691,72.292,72.3787,72.1296,72.6353,72.8947,73.0701
Trinidad and Tobago,TTO,67.5905,67.7817,67.7798,67.8246,67.8368,67.9952,68.0386,68.1434,68.3306,68.5087,68.6288,68.8744,69.2322,69.4536,69.8791,70.1847,70.4367,70.7973,71.1171,71.4042,71.809,72.2323,72.513,72.7855,72.8984,72.8817,72.9348,72.9844,72.6582,72.8357,72.645,71.1114,73.3308,73.4896,73.6171
Tunisia,TUN,69.0919,69.3985,69.6836,69.9921,70.3628,70.7855,71.2472,71.6696,72.0672,72.3435,72.6043,72.8219,73.0695,73.3036,73.5195,73.7117,73.8884,74.0391,74.1923,74.3199,74.4376,74.4714,74.5985,74.6736,74.7838,74.8748,75.0074,75.1768,75.37,75.5992,75.0035,72.8928,76.0505,76.5077,76.7112
Turkiye,TUR,67.835,68.287,68.603,69.018,69.402,69.734,70.245,70.668,71.144,70.752,71.931,72.271,72.605,72.906,73.223,73.51,73.804,74.129,74.38,74.679,74.964,74.823,75.552,76.171,76.452,76.539,76.595,77.037,77.454,77.737,76.525,75.722,77.591,77.156,
Turkmenistan,TKM,63.8665,63.8424,63.7528,63.5855,63.5148,63.5137,63.5378,63.6674,63.9664,64.4749,64.9315,65.3246,65.5934,65.8538,66.0548,66.2747,66.5744,67.0198,67.5836,68.1552,68.6078,68.8696,68.9607,68.968,69.0014,69.0608,69.1421,69.19,69.2718,69.4046,68.8457,69.3525,69.9133,70.0727,70.2014
Turks and Caicos Islands,TCA,70.2177,70.5396,70.887,71.1937,71.5754,71.9485,72.328,72.7134,73.1126,73.5309,73.9715,74.4085,74.8434,75.2624,75.6305,75.9539,76.1965,76.4267,76.0839,76.672,76.784,76.8697,76.9694,77.0998,77.2116,77.3211,77.4372,77.5051,77.5957,77.691,77.4989,77.2342,77.9176,78.0077,78.1807
Tuvalu,TUV,61.6431,61.8086,60.2896,62.1097,62.317,62.5047,62.7086,62.9417,63.1619,63.3457,63.5356,63.709,63.8246,63.8974,63.9885,64.0962,64.2467,64.4017,64.5162,64.693,64.834,64.9598,65.0792,65.1713,65.2778,65.3652,65.51,65.6826,65.871,66.1085,66.3567,65.8236,66.8516,67.1049,67.2593
Türkiye,TUR,67.8348,68.2867,68.6031,69.0178,69.4024,69.7341,70.2454,70.6681,71.144,70.7523,71.9312,72.2711,72.6047,72.9061,73.2232,73.5098,73.8038,74.1291,74.3802,74.679,74.9642,74.8234,75.5519,76.1705,76.4519,76.5389,76.5948,77.0372,77.4535,77.737,76.5255,75.7222,77.5913,77.1557,77.4209
Uganda,UGA,47.5612,47.549,47.6706,47.6808,47.6748,47.7062,47.759,48.0259,48.2634,48.9771,49.6397,50.5761,51.4432,52.4136,53.6988,54.9264,56.1184,57.2479,58.253,59.1574,59.9593,60.7914,61.5786,62.3531,63.0575,63.8315,64.4944,65.1738,65.7751,66.3537,66.4098,66.4497,67.6747,68.2523,68.4875
Ukraine,UKR,70.3538,69.6881,68.9471,68.2873,67.5337,67.1138,67.0972,67.658,67.9929,68.0037,67.7862,67.6754,67.6986,67.6383,67.4724,67.5168,67.4901,67.7147,68.2618,69.1595,70.1883,70.7106,71.0896,71.4744,71.8034,72.6862,73.3894,73.9935,73.5691,73.9199,73.2833,71.6308,72.6582,73.4225,74.692
United Arab Emirates,ARE,71.0737,71.1441,71.1664,71.1594,71.2037,71.3917,71.8203,72.5589,73.66,74.9818,76.347,77.6207,78.7211,79.5995,80.2724,80.779,81.1553,81.4384,81.5915,81.6794,81.886,81.8984,81.9129,81.95,81.9902,82.0759,82.1946,82.3884,82.4493,82.5961,81.9363,79.0831,80.4868,82.9091,83.0686
United Kingdom,GBR,75.7377,75.9108,76.3074,76.1602,76.7198,76.614,76.8719,77.1389,77.2745,77.3728,77.8491,78.1208,78.237,78.3302,78.8998,79.1061,79.3474,79.5337,79.6554,80.1556,80.3908,80.7961,80.8594,80.9232,81.1529,80.919,81.0675,81.164,81.1229,81.4426,80.3854,80.708,81.0744,81.3015,81.4484
United Republic of Tanzania,TZA,51.9849,51.8373,51.4317,51.2153,51.0772,51.0048,51.1321,51.2457,51.8074,52.3988,53.2439,54.1243,54.9396,55.9292,56.8355,57.675,58.5123,59.2602,59.8961,60.494,61.1266,61.6176,62.2862,62.788,63.3638,63.9284,64.4037,64.9631,65.488,66.0068,66.7712,66.1306,66.8786,66.9953,67.2117
United States,USA,75.2146341463415,75.3658536585366,75.6170731707317,75.419512195122,75.619512195122,75.6219512195122,76.0268292682927,76.4292682926829,76.5804878048781,76.5829268292683,76.6365853658537,76.8365853658537,76.9365853658537,77.0365853658537,77.4878048780488,77.4878048780488,77.6878048780488,77.9878048780488,78.0390243902439,78.390243902439,78.5414634146342,78.6414634146341,78.7414634146342,78.7414634146342,78.8414634146341,78.690243902439,78.5390243902439,78.5390243902439,78.6390243902439,78.7878048780488,76.9804878048781,76.3292682926829,77.4341463414634,78.3853658536585,
United States Virgin Islands,VIR,70.6806,70.8089,70.9693,71.0895,71.2404,71.1893,71.6013,70.9082,71.2644,71.1089,71.8046,72.2175,72.0544,72.0065,71.8287,72.2349,72.4788,72.5874,72.6575,72.9192,73.235,73.4027,73.6956,73.9471,74.1975,74.3104,74.4236,74.3721,74.6823,74.8761,74.7137,74.6132,75.0449,75.4724,75.6994
United States of America,USA,75.3743,75.5243,75.779,75.5677,75.7381,75.8522,76.1749,76.4981,76.6592,76.6691,76.8058,76.9194,76.9883,77.1369,77.535,77.5264,77.7976,78.0471,78.1273,78.4758,78.6681,78.7023,78.8169,78.8175,78.8785,78.7219,78.686,78.6483,78.7997,78.916,77.0115,76.3836,77.9789,79.3043,79.4625
Uruguay,URY,72.9937,73.1982,73.1853,73.1466,73.1616,73.4927,73.8121,73.9199,74.0293,74.2926,74.6929,74.9865,74.9788,75.0858,75.3194,75.8286,75.8884,76.1502,76.2746,76.67,76.6911,76.6141,76.6914,76.9531,77.1941,77.2847,77.3511,77.618,77.5273,77.5028,78.3811,75.4345,76.4682,78.1385,78.2865
Uzbekistan,UZB,65.7717,65.5288,65.2362,64.9239,64.6815,64.6696,64.7799,65.0285,65.1686,65.3071,65.456,65.8532,66.3763,66.8523,67.2031,67.481,67.9053,68.4833,69.0347,69.517,69.8364,70.1429,70.4108,70.6925,70.9732,71.3298,71.5798,71.7372,71.9988,72.0934,71.4613,71.6808,72.1465,72.3884,72.5283
Vanuatu,VUT,66.6837,67.114,67.4327,67.7241,67.9842,68.1036,68.1756,68.3087,68.3722,67.9244,68.586,68.722,68.8358,68.9331,68.9847,69.1656,69.1264,69.1439,69.3017,69.422,69.5703,69.7287,69.8983,69.9861,70.0433,70.1632,70.3975,70.4996,70.6259,70.7834,70.3845,69.9518,71.3016,71.4769,71.6537
Venezuela (Bolivarian Republic of),VEN,70.9641,71.1719,71.1766,71.3849,71.2826,71.7138,71.9196,72.5598,72.446,72.0883,72.3876,71.0189,72.8225,72.0556,72.7523,73.0752,72.9724,73.3478,72.5776,72.7852,73.0922,73.0895,73.0858,73.0765,72.8371,73.0044,72.0019,71.9026,72.6415,72.7664,72.3693,71.5364,72.5656,72.5142,72.673
"Venezuela, RB",VEN,70.964,71.172,71.177,71.385,71.283,71.714,71.92,72.56,72.446,72.088,72.388,71.019,72.823,72.056,72.752,73.075,72.972,73.348,72.578,72.785,73.092,73.09,73.086,73.076,72.837,73.004,72.002,71.903,72.641,72.766,72.369,71.536,72.566,72.514,
Viet Nam,VNM,69.0268,69.3035,69.6197,69.9569,70.3789,70.8714,71.2961,71.67,72.2829,72.5754,72.7455,72.9842,73.1384,73.2356,73.0623,73.1983,73.2925,73.385,73.455,73.5253,73.6107,73.7126,73.7619,73.8207,73.8859,73.9554,73.9837,74.0265,74.1004,74.2113,75.3832,74.1448,74.5025,74.5883,74.7364
Virgin Islands (U.S.),VIR,70.6799756097561,70.8079268292683,70.9626097560976,71.0782682926829,71.2246341463415,71.1666097560976,71.575512195122,70.9152195121951,71.2462682926829,71.1116097560976,76.619512195122,77.6219512195122,77.5219512195122,77.5219512195122,77.7731707317073,77.4219512195122,78.3243902439024,76.8634146341463,77.1634146341463,77.5146341463415,77.8658536585366,78.3170731707317,78.5170731707317,78.7170731707317,78.8682926829268,79.0170731707317,79.1682926829268,79.3682926829268,79.5195121951219,79.6682926829268,79.819512195122,80.0682926829268,80.319512195122,80.519512195122,
Wallis and Futuna Islands,WLF,69.9192,70.5849,71.1318,70.5926,71.9968,72.495,73.1284,73.8346,74.5222,75.0162,75.3901,75.6448,75.7205,75.7606,75.9345,76.1412,76.3171,76.542,76.7181,76.7891,76.8087,76.9293,77.0467,77.1567,77.2859,77.4504,77.5447,77.6279,77.7633,77.9936,78.1637,77.4609,78.5005,78.6286,78.7368
West Bank and Gaza,PSE,67.803,68.222,68.478,68.759,69.328,69.583,69.982,70.328,70.564,70.789,70.298,69.75,70.88,70.967,71.094,72.004,71.831,72.064,72.204,72.306,73.302,73.557,73.722,74.14,72.781,74.577,74.917,75.216,75.38,75.811,74.998,73.89,76.662,65.17,
Western Sahara,ESH,57.661,58.1912,58.7132,59.2241,59.7437,60.244,60.72,61.2122,61.7098,62.2309,62.7345,63.2225,63.7369,64.2329,64.7439,65.2223,65.6697,66.1443,66.5816,67.0572,67.492,67.8831,68.2373,68.6173,68.9533,69.2753,69.5959,69.8831,70.1433,70.3822,70.6126,70.8869,71.1432,71.385,71.5803
World,WLD,65.1079824959466,65.3032693073878,65.5470515929257,65.7420496975541,65.9579138029543,66.2002309366679,66.5147981675807,66.830294088651,67.0659534434225,67.3114785085325,67.6497257226022,67.9443928216143,68.2305052636226,68.5148072291356,68.7699881988831,69.1102257723181,69.4676625981054,69.803549604801,70.0028276425706,70.3787762461653,70.6809035076169,70.9666948532888,71.2622320826072,71.5319135730675,71.7754510175677,71.9645771379818,72.1846258460576,72.3650252012874,72.6428594874137,72.8676690365367,72.1827671974507,71.2153757178011,72.9687386075768,73.3274749595865,
Yemen,YEM,58.5282,58.8053,59.2596,59.6551,59.8279,60.5324,60.8838,61.3404,61.7878,62.2754,62.761,63.2864,63.8066,64.4075,64.881,65.3561,65.7997,66.2304,66.6091,66.9053,67.223,67.4124,67.569,67.961,68.0027,66.7613,67.1054,67.1198,65.9154,66.5673,66.4354,66.0191,67.9517,69.2952,69.4386
"Yemen, Rep.",YEM,58.528,58.805,59.26,59.655,59.828,60.532,60.884,61.34,61.788,62.275,62.761,63.286,63.807,64.407,64.881,65.356,65.8,66.23,66.609,66.905,67.223,67.412,67.569,67.961,68.003,66.761,67.105,67.12,65.915,66.567,66.435,66.019,67.952,69.295,
Zambia,ZMB,48.204,47.4431,46.9679,46.6781,46.3439,46.0509,45.7565,45.7429,45.7095,45.924,46.5771,47.4077,48.4614,49.6158,50.5398,51.6147,52.6928,53.73,54.835,55.8862,56.896,57.8431,58.704,59.4452,60.1091,60.7284,61.1285,61.5644,62.1381,62.9145,63.3607,62.3631,65.2791,66.3487,66.5276
Zimbabwe,ZWE,58.3191,57.0371,55.6021,53.9764,52.5367,51.1435,48.9815,48.5361,47.5508,46.3786,46.0339,44.5249,45.9381,45.373,46.0426,46.5701,47.0559,47.5756,48.4559,49.7496,51.9252,53.9112,55.3855,56.8422,58.106,58.9895,59.7601,60.2626,60.9055,61.0603,61.53,60.1347,62.3601,62.7748,63.064
